movement_date,product_id,movement_type,quantity,inventory_level,order_id,dispatch_date,lead_time_days,product_name,category,cost_unit
2025-01-01,P004,Ingreso,50,251,,,,Producto_4,Accesorios,43.95
2025-01-01,P002,Salida,82,477,O00001,2025-01-03,2.0,Producto_2,Accesorios,20.99
2025-01-01,P005,Ingreso,32,621,,,,Producto_5,Accesorios,14.31
2025-01-01,P006,Salida,46,207,,,,Producto_6,Plásticos,8.62
2025-01-01,P017,Salida,100,403,O00002,2025-01-04,3.0,Producto_17,Seguridad,20.42
2025-01-01,P018,Ingreso,87,557,,,,Producto_18,Accesorios,5.64
2025-01-02,P006,Salida,95,112,,,,Producto_6,Plásticos,8.62
2025-01-02,P002,Salida,71,406,O00003,2025-01-08,6.0,Producto_2,Accesorios,20.99
2025-01-02,P017,Salida,117,286,O00004,2025-01-08,6.0,Producto_17,Seguridad,20.42
2025-01-02,P016,Salida,101,449,O00005,2025-01-08,6.0,Producto_16,Plásticos,27.53
2025-01-02,P022,Ingreso,36,531,,,,Producto_22,Accesorios,29.4
2025-01-02,P020,Ingreso,86,537,,,,Producto_20,Seguridad,14.64
2025-01-02,P008,Salida,112,347,O00006,2025-01-05,3.0,Producto_8,Industrial,20.3
2025-01-03,P023,Ingreso,110,522,,,,Producto_23,Seguridad,38.33
2025-01-03,P006,Ingreso,10,122,,,,Producto_6,Plásticos,8.62
2025-01-03,P020,Ingreso,11,548,,,,Producto_20,Seguridad,14.64
2025-01-03,P014,Salida,99,302,,,,Producto_14,Plásticos,5.53
2025-01-03,P013,Ingreso,77,438,,,,Producto_13,Accesorios,23.02
2025-01-04,P013,Ingreso,105,543,,,,Producto_13,Accesorios,23.02
2025-01-04,P016,Ingreso,114,563,,,,Producto_16,Plásticos,27.53
2025-01-04,P021,Salida,48,341,,,,Producto_21,Plásticos,32.33
2025-01-04,P019,Ingreso,101,515,,,,Producto_19,Calzado,14.24
2025-01-04,P007,Salida,59,246,,,,Producto_7,Industrial,29.74
2025-01-04,P008,Salida,108,239,O00007,2025-01-06,2.0,Producto_8,Industrial,20.3
2025-01-04,P010,Salida,69,321,O00008,2025-01-05,1.0,Producto_10,Accesorios,23.67
2025-01-04,P014,Ingreso,21,323,,,,Producto_14,Plásticos,5.53
2025-01-04,P004,Salida,41,210,O00009,2025-01-05,1.0,Producto_4,Accesorios,43.95
2025-01-04,P003,Ingreso,28,615,,,,Producto_3,Industrial,6.87
2025-01-04,P018,Salida,12,545,,,,Producto_18,Accesorios,5.64
2025-01-05,P007,Ingreso,30,276,,,,Producto_7,Industrial,29.74
2025-01-05,P021,Ingreso,17,358,,,,Producto_21,Plásticos,32.33
2025-01-05,P016,Salida,26,537,O00010,2025-01-09,4.0,Producto_16,Plásticos,27.53
2025-01-05,P025,Salida,95,341,O00011,2025-01-11,6.0,Producto_25,Calzado,20.64
2025-01-05,P005,Salida,111,510,O00012,2025-01-11,6.0,Producto_5,Accesorios,14.31
2025-01-05,P012,Salida,36,207,,,,Producto_12,Industrial,32.21
2025-01-05,P018,Salida,37,508,O00013,2025-01-06,1.0,Producto_18,Accesorios,5.64
2025-01-05,P022,Ingreso,70,601,,,,Producto_22,Accesorios,29.4
2025-01-05,P010,Salida,13,308,O00014,2025-01-06,1.0,Producto_10,Accesorios,23.67
2025-01-05,P002,Ingreso,53,459,,,,Producto_2,Accesorios,20.99
2025-01-06,P023,Salida,55,467,O00015,2025-01-12,6.0,Producto_23,Seguridad,38.33
2025-01-06,P018,Ingreso,36,544,,,,Producto_18,Accesorios,5.64
2025-01-06,P016,Ingreso,99,636,,,,Producto_16,Plásticos,27.53
2025-01-06,P024,Salida,42,365,O00016,2025-01-12,6.0,Producto_24,Calzado,11.93
2025-01-06,P011,Ingreso,102,519,,,,Producto_11,Seguridad,39.4
2025-01-06,P010,Ingreso,35,343,,,,Producto_10,Accesorios,23.67
2025-01-06,P002,Salida,34,425,O00017,2025-01-10,4.0,Producto_2,Accesorios,20.99
2025-01-06,P008,Salida,66,173,O00018,2025-01-10,4.0,Producto_8,Industrial,20.3
2025-01-07,P021,Salida,69,289,O00019,2025-01-12,5.0,Producto_21,Plásticos,32.33
2025-01-07,P005,Salida,15,495,O00020,2025-01-11,4.0,Producto_5,Accesorios,14.31
2025-01-07,P025,Ingreso,108,449,,,,Producto_25,Calzado,20.64
2025-01-07,P020,Salida,61,487,O00021,2025-01-09,2.0,Producto_20,Seguridad,14.64
2025-01-07,P013,Salida,39,504,O00022,2025-01-10,3.0,Producto_13,Accesorios,23.02
2025-01-08,P010,Salida,60,283,,,,Producto_10,Accesorios,23.67
2025-01-08,P017,Ingreso,87,373,,,,Producto_17,Seguridad,20.42
2025-01-08,P004,Ingreso,56,266,,,,Producto_4,Accesorios,43.95
2025-01-08,P003,Ingreso,119,734,,,,Producto_3,Industrial,6.87
2025-01-08,P018,Salida,78,466,O00023,2025-01-10,2.0,Producto_18,Accesorios,5.64
2025-01-08,P011,Salida,94,425,O00024,2025-01-09,1.0,Producto_11,Seguridad,39.4
2025-01-08,P013,Salida,110,394,O00025,2025-01-10,2.0,Producto_13,Accesorios,23.02
2025-01-08,P025,Salida,109,340,O00026,2025-01-10,2.0,Producto_25,Calzado,20.64
2025-01-09,P015,Salida,83,386,O00027,2025-01-14,5.0,Producto_15,Seguridad,42.69
2025-01-09,P014,Ingreso,104,427,,,,Producto_14,Plásticos,5.53
2025-01-09,P007,Ingreso,44,320,,,,Producto_7,Industrial,29.74
2025-01-09,P022,Ingreso,99,700,,,,Producto_22,Accesorios,29.4
2025-01-09,P006,Ingreso,35,157,,,,Producto_6,Plásticos,8.62
2025-01-09,P010,Salida,43,240,O00028,2025-01-13,4.0,Producto_10,Accesorios,23.67
2025-01-10,P022,Salida,98,602,O00029,2025-01-16,6.0,Producto_22,Accesorios,29.4
2025-01-10,P023,Salida,71,396,O00030,2025-01-11,1.0,Producto_23,Seguridad,38.33
2025-01-10,P019,Ingreso,68,583,,,,Producto_19,Calzado,14.24
2025-01-10,P012,Ingreso,109,316,,,,Producto_12,Industrial,32.21
2025-01-10,P024,Ingreso,114,479,,,,Producto_24,Calzado,11.93
2025-01-10,P006,Salida,18,139,O00031,2025-01-16,6.0,Producto_6,Plásticos,8.62
2025-01-11,P008,Ingreso,27,200,,,,Producto_8,Industrial,20.3
2025-01-11,P001,Salida,18,231,,,,Producto_1,Seguridad,25.99
2025-01-11,P017,Salida,111,262,O00032,2025-01-16,5.0,Producto_17,Seguridad,20.42
2025-01-11,P024,Ingreso,18,497,,,,Producto_24,Calzado,11.93
2025-01-11,P018,Salida,75,391,O00033,2025-01-16,5.0,Producto_18,Accesorios,5.64
2025-01-11,P002,Ingreso,17,442,,,,Producto_2,Accesorios,20.99
2025-01-11,P014,Ingreso,74,501,,,,Producto_14,Plásticos,5.53
2025-01-11,P006,Salida,26,113,,,,Producto_6,Plásticos,8.62
2025-01-11,P013,Salida,13,381,O00034,2025-01-15,4.0,Producto_13,Accesorios,23.02
2025-01-11,P011,Ingreso,70,495,,,,Producto_11,Seguridad,39.4
2025-01-11,P010,Ingreso,48,288,,,,Producto_10,Accesorios,23.67
2025-01-12,P016,Salida,54,582,O00035,2025-01-17,5.0,Producto_16,Plásticos,27.53
2025-01-12,P014,Ingreso,94,595,,,,Producto_14,Plásticos,5.53
2025-01-12,P004,Salida,110,156,O00036,2025-01-15,3.0,Producto_4,Accesorios,43.95
2025-01-12,P002,Salida,27,415,O00037,2025-01-13,1.0,Producto_2,Accesorios,20.99
2025-01-12,P005,Salida,40,455,,,,Producto_5,Accesorios,14.31
2025-01-12,P006,Salida,12,101,,,,Producto_6,Plásticos,8.62
2025-01-12,P025,Ingreso,21,361,,,,Producto_25,Calzado,20.64
2025-01-13,P003,Salida,91,643,O00038,2025-01-18,5.0,Producto_3,Industrial,6.87
2025-01-13,P013,Salida,75,306,O00039,2025-01-19,6.0,Producto_13,Accesorios,23.02
2025-01-13,P002,Salida,118,297,O00040,2025-01-14,1.0,Producto_2,Accesorios,20.99
2025-01-13,P010,Salida,27,261,,,,Producto_10,Accesorios,23.67
2025-01-13,P007,Ingreso,94,414,,,,Producto_7,Industrial,29.74
2025-01-13,P018,Salida,98,293,,,,Producto_18,Accesorios,5.64
2025-01-14,P004,Ingreso,82,238,,,,Producto_4,Accesorios,43.95
2025-01-14,P015,Ingreso,60,446,,,,Producto_15,Seguridad,42.69
2025-01-14,P011,Ingreso,13,508,,,,Producto_11,Seguridad,39.4
2025-01-14,P018,Ingreso,113,406,,,,Producto_18,Accesorios,5.64
2025-01-14,P022,Salida,101,501,O00041,2025-01-16,2.0,Producto_22,Accesorios,29.4
2025-01-14,P021,Salida,63,226,,,,Producto_21,Plásticos,32.33
2025-01-14,P008,Salida,21,179,,,,Producto_8,Industrial,20.3
2025-01-15,P001,Salida,106,125,,,,Producto_1,Seguridad,25.99
2025-01-15,P004,Ingreso,115,353,,,,Producto_4,Accesorios,43.95
2025-01-15,P008,Salida,14,165,,,,Producto_8,Industrial,20.3
2025-01-15,P020,Salida,26,461,O00042,2025-01-19,4.0,Producto_20,Seguridad,14.64
2025-01-15,P021,Ingreso,78,304,,,,Producto_21,Plásticos,32.33
2025-01-15,P023,Salida,62,334,O00043,2025-01-21,6.0,Producto_23,Seguridad,38.33
2025-01-15,P024,Salida,84,413,O00044,2025-01-16,1.0,Producto_24,Calzado,11.93
2025-01-15,P009,Salida,89,420,O00045,2025-01-21,6.0,Producto_9,Industrial,44.33
2025-01-16,P024,Salida,95,318,O00046,2025-01-22,6.0,Producto_24,Calzado,11.93
2025-01-16,P007,Ingreso,57,471,,,,Producto_7,Industrial,29.74
2025-01-16,P025,Ingreso,35,396,,,,Producto_25,Calzado,20.64
2025-01-16,P022,Salida,17,484,,,,Producto_22,Accesorios,29.4
2025-01-16,P011,Ingreso,88,596,,,,Producto_11,Seguridad,39.4
2025-01-16,P017,Salida,65,197,O00047,2025-01-18,2.0,Producto_17,Seguridad,20.42
2025-01-16,P016,Salida,87,495,O00048,2025-01-21,5.0,Producto_16,Plásticos,27.53
2025-01-16,P012,Ingreso,68,384,,,,Producto_12,Industrial,32.21
2025-01-17,P004,Ingreso,34,387,,,,Producto_4,Accesorios,43.95
2025-01-17,P020,Salida,76,385,O00049,2025-01-19,2.0,Producto_20,Seguridad,14.64
2025-01-17,P008,Ingreso,95,260,,,,Producto_8,Industrial,20.3
2025-01-17,P012,Salida,17,367,O00050,2025-01-21,4.0,Producto_12,Industrial,32.21
2025-01-17,P002,Ingreso,50,347,,,,Producto_2,Accesorios,20.99
2025-01-17,P017,Ingreso,61,258,,,,Producto_17,Seguridad,20.42
2025-01-17,P021,Salida,107,197,O00051,2025-01-20,3.0,Producto_21,Plásticos,32.33
2025-01-18,P023,Ingreso,101,435,,,,Producto_23,Seguridad,38.33
2025-01-18,P002,Salida,88,259,,,,Producto_2,Accesorios,20.99
2025-01-18,P013,Ingreso,111,417,,,,Producto_13,Accesorios,23.02
2025-01-18,P019,Salida,66,517,,,,Producto_19,Calzado,14.24
2025-01-18,P017,Salida,35,223,O00052,2025-01-22,4.0,Producto_17,Seguridad,20.42
2025-01-18,P024,Ingreso,35,353,,,,Producto_24,Calzado,11.93
2025-01-18,P010,Ingreso,28,289,,,,Producto_10,Accesorios,23.67
2025-01-18,P015,Ingreso,29,475,,,,Producto_15,Seguridad,42.69
2025-01-18,P003,Ingreso,56,699,,,,Producto_3,Industrial,6.87
2025-01-19,P019,Salida,84,433,O00053,2025-01-25,6.0,Producto_19,Calzado,14.24
2025-01-19,P016,Ingreso,103,598,,,,Producto_16,Plásticos,27.53
2025-01-19,P025,Ingreso,78,474,,,,Producto_25,Calzado,20.64
2025-01-19,P018,Salida,117,289,O00054,2025-01-24,5.0,Producto_18,Accesorios,5.64
2025-01-19,P017,Salida,18,205,O00055,2025-01-22,3.0,Producto_17,Seguridad,20.42
2025-01-20,P006,Ingreso,60,161,,,,Producto_6,Plásticos,8.62
2025-01-20,P023,Salida,106,329,,,,Producto_23,Seguridad,38.33
2025-01-20,P013,Salida,34,383,O00056,2025-01-22,2.0,Producto_13,Accesorios,23.02
2025-01-20,P012,Salida,113,254,O00057,2025-01-23,3.0,Producto_12,Industrial,32.21
2025-01-20,P007,Ingreso,76,547,,,,Producto_7,Industrial,29.74
2025-01-20,P025,Salida,81,393,O00058,2025-01-24,4.0,Producto_25,Calzado,20.64
2025-01-20,P002,Salida,38,221,O00059,2025-01-26,6.0,Producto_2,Accesorios,20.99
2025-01-21,P009,Salida,11,409,O00060,2025-01-24,3.0,Producto_9,Industrial,44.33
2025-01-21,P019,Salida,45,388,,,,Producto_19,Calzado,14.24
2025-01-21,P003,Salida,29,670,O00061,2025-01-23,2.0,Producto_3,Industrial,6.87
2025-01-21,P014,Ingreso,15,610,,,,Producto_14,Plásticos,5.53
2025-01-21,P012,Ingreso,56,310,,,,Producto_12,Industrial,32.21
2025-01-21,P017,Ingreso,116,321,,,,Producto_17,Seguridad,20.42
2025-01-21,P007,Ingreso,22,569,,,,Producto_7,Industrial,29.74
2025-01-21,P015,Ingreso,91,566,,,,Producto_15,Seguridad,42.69
2025-01-21,P016,Salida,113,485,,,,Producto_16,Plásticos,27.53
2025-01-21,P008,Salida,109,151,,,,Producto_8,Industrial,20.3
2025-01-21,P020,Salida,46,339,,,,Producto_20,Seguridad,14.64
2025-01-22,P002,Ingreso,62,283,,,,Producto_2,Accesorios,20.99
2025-01-22,P020,Ingreso,61,400,,,,Producto_20,Seguridad,14.64
2025-01-22,P016,Salida,35,450,O00062,2025-01-26,4.0,Producto_16,Plásticos,27.53
2025-01-22,P012,Salida,84,226,,,,Producto_12,Industrial,32.21
2025-01-22,P003,Salida,100,570,,,,Producto_3,Industrial,6.87
2025-01-22,P018,Salida,52,237,O00063,2025-01-25,3.0,Producto_18,Accesorios,5.64
2025-01-23,P008,Ingreso,96,247,,,,Producto_8,Industrial,20.3
2025-01-23,P002,Ingreso,65,348,,,,Producto_2,Accesorios,20.99
2025-01-23,P013,Salida,41,342,O00064,2025-01-24,1.0,Producto_13,Accesorios,23.02
2025-01-23,P003,Ingreso,39,609,,,,Producto_3,Industrial,6.87
2025-01-23,P012,Salida,28,198,O00065,2025-01-29,6.0,Producto_12,Industrial,32.21
2025-01-23,P005,Salida,75,380,O00066,2025-01-24,1.0,Producto_5,Accesorios,14.31
2025-01-23,P016,Ingreso,47,497,,,,Producto_16,Plásticos,27.53
2025-01-24,P025,Ingreso,110,503,,,,Producto_25,Calzado,20.64
2025-01-24,P011,Ingreso,106,702,,,,Producto_11,Seguridad,39.4
2025-01-24,P019,Salida,17,371,O00067,2025-01-30,6.0,Producto_19,Calzado,14.24
2025-01-24,P005,Salida,55,325,,,,Producto_5,Accesorios,14.31
2025-01-24,P006,Ingreso,46,207,,,,Producto_6,Plásticos,8.62
2025-01-24,P021,Ingreso,23,220,,,,Producto_21,Plásticos,32.33
2025-01-24,P009,Ingreso,57,466,,,,Producto_9,Industrial,44.33
2025-01-25,P009,Salida,18,448,O00068,2025-01-29,4.0,Producto_9,Industrial,44.33
2025-01-25,P012,Ingreso,95,293,,,,Producto_12,Industrial,32.21
2025-01-25,P014,Salida,90,520,,,,Producto_14,Plásticos,5.53
2025-01-25,P020,Salida,119,281,O00069,2025-01-26,1.0,Producto_20,Seguridad,14.64
2025-01-25,P006,Salida,90,117,O00070,2025-01-27,2.0,Producto_6,Plásticos,8.62
2025-01-25,P013,Salida,112,230,O00071,2025-01-31,6.0,Producto_13,Accesorios,23.02
2025-01-26,P007,Salida,15,554,,,,Producto_7,Industrial,29.74
2025-01-26,P003,Ingreso,118,727,,,,Producto_3,Industrial,6.87
2025-01-26,P012,Salida,80,213,O00072,2025-01-27,1.0,Producto_12,Industrial,32.21
2025-01-26,P017,Ingreso,101,422,,,,Producto_17,Seguridad,20.42
2025-01-26,P008,Salida,55,192,O00073,2025-01-30,4.0,Producto_8,Industrial,20.3
2025-01-26,P020,Salida,74,207,O00074,2025-01-30,4.0,Producto_20,Seguridad,14.64
2025-01-26,P016,Salida,38,459,O00075,2025-01-29,3.0,Producto_16,Plásticos,27.53
2025-01-27,P013,Salida,98,132,,,,Producto_13,Accesorios,23.02
2025-01-27,P006,Salida,34,83,O00076,2025-01-30,3.0,Producto_6,Plásticos,8.62
2025-01-27,P012,Ingreso,117,330,,,,Producto_12,Industrial,32.21
2025-01-27,P023,Salida,103,226,O00077,2025-01-31,4.0,Producto_23,Seguridad,38.33
2025-01-27,P019,Ingreso,53,424,,,,Producto_19,Calzado,14.24
2025-01-27,P024,Salida,58,295,O00078,2025-01-29,2.0,Producto_24,Calzado,11.93
2025-01-27,P009,Salida,56,392,O00079,2025-01-30,3.0,Producto_9,Industrial,44.33
2025-01-27,P010,Salida,30,259,,,,Producto_10,Accesorios,23.67
2025-01-28,P011,Salida,68,634,,,,Producto_11,Seguridad,39.4
2025-01-28,P004,Salida,103,284,O00080,2025-01-31,3.0,Producto_4,Accesorios,43.95
2025-01-28,P020,Ingreso,115,322,,,,Producto_20,Seguridad,14.64
2025-01-28,P003,Salida,23,704,O00081,2025-01-31,3.0,Producto_3,Industrial,6.87
2025-01-28,P021,Salida,54,166,O00082,2025-02-02,5.0,Producto_21,Plásticos,32.33
2025-01-28,P025,Salida,99,404,,,,Producto_25,Calzado,20.64
2025-01-28,P002,Ingreso,24,372,,,,Producto_2,Accesorios,20.99
2025-01-28,P023,Salida,13,213,,,,Producto_23,Seguridad,38.33
2025-01-28,P005,Ingreso,91,416,,,,Producto_5,Accesorios,14.31
2025-01-29,P014,Ingreso,93,613,,,,Producto_14,Plásticos,5.53
2025-01-29,P009,Salida,103,289,O00083,2025-02-03,5.0,Producto_9,Industrial,44.33
2025-01-29,P006,Ingreso,39,122,,,,Producto_6,Plásticos,8.62
2025-01-29,P015,Salida,27,539,O00084,2025-01-30,1.0,Producto_15,Seguridad,42.69
2025-01-29,P022,Ingreso,62,546,,,,Producto_22,Accesorios,29.4
2025-01-30,P010,Ingreso,118,377,,,,Producto_10,Accesorios,23.67
2025-01-30,P018,Ingreso,116,353,,,,Producto_18,Accesorios,5.64
2025-01-30,P001,Ingreso,99,224,,,,Producto_1,Seguridad,25.99
2025-01-30,P023,Ingreso,12,225,,,,Producto_23,Seguridad,38.33
2025-01-30,P003,Salida,14,690,O00085,2025-01-31,1.0,Producto_3,Industrial,6.87
2025-01-30,P016,Salida,29,430,,,,Producto_16,Plásticos,27.53
2025-01-30,P021,Ingreso,115,281,,,,Producto_21,Plásticos,32.33
2025-01-30,P014,Salida,91,522,O00086,2025-02-02,3.0,Producto_14,Plásticos,5.53
2025-01-30,P024,Salida,111,184,O00087,2025-02-04,5.0,Producto_24,Calzado,11.93
2025-01-30,P002,Salida,82,290,,,,Producto_2,Accesorios,20.99
2025-01-31,P013,Ingreso,69,201,,,,Producto_13,Accesorios,23.02
2025-01-31,P018,Ingreso,37,390,,,,Producto_18,Accesorios,5.64
2025-01-31,P017,Ingreso,90,512,,,,Producto_17,Seguridad,20.42
2025-01-31,P001,Ingreso,54,278,,,,Producto_1,Seguridad,25.99
2025-01-31,P020,Salida,102,220,,,,Producto_20,Seguridad,14.64
2025-01-31,P006,Salida,49,73,O00088,2025-02-03,3.0,Producto_6,Plásticos,8.62
2025-01-31,P007,Salida,42,512,,,,Producto_7,Industrial,29.74
2025-01-31,P004,Salida,49,235,O00089,2025-02-03,3.0,Producto_4,Accesorios,43.95
2025-01-31,P014,Salida,50,472,O00090,2025-02-05,5.0,Producto_14,Plásticos,5.53
2025-02-01,P008,Ingreso,107,299,,,,Producto_8,Industrial,20.3
2025-02-01,P009,Salida,97,192,,,,Producto_9,Industrial,44.33
2025-02-01,P015,Ingreso,92,631,,,,Producto_15,Seguridad,42.69
2025-02-01,P001,Salida,83,195,O00091,2025-02-03,2.0,Producto_1,Seguridad,25.99
2025-02-01,P003,Ingreso,69,759,,,,Producto_3,Industrial,6.87
2025-02-02,P011,Salida,85,549,O00092,2025-02-05,3.0,Producto_11,Seguridad,39.4
2025-02-02,P024,Salida,88,96,,,,Producto_24,Calzado,11.93
2025-02-02,P009,Ingreso,96,288,,,,Producto_9,Industrial,44.33
2025-02-02,P019,Ingreso,55,479,,,,Producto_19,Calzado,14.24
2025-02-02,P025,Salida,13,391,O00093,2025-02-07,5.0,Producto_25,Calzado,20.64
2025-02-02,P007,Salida,24,488,,,,Producto_7,Industrial,29.74
2025-02-02,P002,Salida,41,249,O00094,2025-02-08,6.0,Producto_2,Accesorios,20.99
2025-02-02,P003,Ingreso,84,843,,,,Producto_3,Industrial,6.87
2025-02-02,P008,Ingreso,90,389,,,,Producto_8,Industrial,20.3
2025-02-02,P014,Salida,65,407,O00095,2025-02-07,5.0,Producto_14,Plásticos,5.53
2025-02-02,P013,Salida,110,91,O00096,2025-02-08,6.0,Producto_13,Accesorios,23.02
2025-02-03,P010,Ingreso,102,479,,,,Producto_10,Accesorios,23.67
2025-02-03,P021,Ingreso,62,343,,,,Producto_21,Plásticos,32.33
2025-02-03,P004,Salida,12,223,O00097,2025-02-04,1.0,Producto_4,Accesorios,43.95
2025-02-03,P013,Ingreso,80,171,,,,Producto_13,Accesorios,23.02
2025-02-03,P018,Ingreso,117,507,,,,Producto_18,Accesorios,5.64
2025-02-03,P007,Ingreso,18,506,,,,Producto_7,Industrial,29.74
2025-02-03,P024,Ingreso,69,165,,,,Producto_24,Calzado,11.93
2025-02-04,P007,Ingreso,85,591,,,,Producto_7,Industrial,29.74
2025-02-04,P016,Salida,41,389,O00098,2025-02-10,6.0,Producto_16,Plásticos,27.53
2025-02-04,P015,Salida,29,602,O00099,2025-02-06,2.0,Producto_15,Seguridad,42.69
2025-02-04,P018,Ingreso,11,518,,,,Producto_18,Accesorios,5.64
2025-02-04,P003,Salida,114,729,O00100,2025-02-05,1.0,Producto_3,Industrial,6.87
2025-02-04,P010,Salida,35,444,O00101,2025-02-06,2.0,Producto_10,Accesorios,23.67
2025-02-04,P012,Salida,99,231,O00102,2025-02-06,2.0,Producto_12,Industrial,32.21
2025-02-04,P004,Salida,115,108,O00103,2025-02-05,1.0,Producto_4,Accesorios,43.95
2025-02-04,P001,Salida,70,125,,,,Producto_1,Seguridad,25.99
2025-02-04,P009,Ingreso,15,303,,,,Producto_9,Industrial,44.33
2025-02-04,P019,Salida,104,375,O00104,2025-02-06,2.0,Producto_19,Calzado,14.24
2025-02-05,P019,Ingreso,64,439,,,,Producto_19,Calzado,14.24
2025-02-05,P012,Salida,54,177,O00105,2025-02-10,5.0,Producto_12,Industrial,32.21
2025-02-05,P024,Salida,60,105,O00106,2025-02-11,6.0,Producto_24,Calzado,11.93
2025-02-05,P001,Salida,31,94,O00107,2025-02-06,1.0,Producto_1,Seguridad,25.99
2025-02-05,P005,Salida,37,379,O00108,2025-02-08,3.0,Producto_5,Accesorios,14.31
2025-02-05,P022,Ingreso,63,609,,,,Producto_22,Accesorios,29.4
2025-02-05,P017,Ingreso,106,618,,,,Producto_17,Seguridad,20.42
2025-02-05,P014,Salida,58,349,,,,Producto_14,Plásticos,5.53
2025-02-06,P001,Ingreso,12,106,,,,Producto_1,Seguridad,25.99
2025-02-06,P019,Salida,49,390,,,,Producto_19,Calzado,14.24
2025-02-06,P008,Ingreso,35,424,,,,Producto_8,Industrial,20.3
2025-02-06,P014,Salida,103,246,O00109,2025-02-10,4.0,Producto_14,Plásticos,5.53
2025-02-06,P003,Ingreso,11,740,,,,Producto_3,Industrial,6.87
2025-02-06,P015,Ingreso,78,680,,,,Producto_15,Seguridad,42.69
2025-02-06,P007,Ingreso,50,641,,,,Producto_7,Industrial,29.74
2025-02-06,P006,Ingreso,69,142,,,,Producto_6,Plásticos,8.62
2025-02-06,P021,Ingreso,23,366,,,,Producto_21,Plásticos,32.33
2025-02-06,P011,Salida,98,451,O00110,2025-02-12,6.0,Producto_11,Seguridad,39.4
2025-02-06,P013,Salida,98,73,,,,Producto_13,Accesorios,23.02
2025-02-07,P002,Ingreso,93,342,,,,Producto_2,Accesorios,20.99
2025-02-07,P007,Ingreso,116,757,,,,Producto_7,Industrial,29.74
2025-02-07,P021,Salida,110,256,O00111,2025-02-08,1.0,Producto_21,Plásticos,32.33
2025-02-07,P020,Salida,53,167,O00112,2025-02-13,6.0,Producto_20,Seguridad,14.64
2025-02-07,P018,Ingreso,70,588,,,,Producto_18,Accesorios,5.64
2025-02-07,P019,Ingreso,87,477,,,,Producto_19,Calzado,14.24
2025-02-08,P023,Salida,104,121,O00113,2025-02-11,3.0,Producto_23,Seguridad,38.33
2025-02-08,P011,Salida,53,398,O00114,2025-02-14,6.0,Producto_11,Seguridad,39.4
2025-02-08,P013,Ingreso,89,162,,,,Producto_13,Accesorios,23.02
2025-02-08,P016,Salida,17,372,,,,Producto_16,Plásticos,27.53
2025-02-08,P025,Ingreso,17,408,,,,Producto_25,Calzado,20.64
2025-02-08,P007,Ingreso,111,868,,,,Producto_7,Industrial,29.74
2025-02-09,P005,Salida,57,322,O00115,2025-02-11,2.0,Producto_5,Accesorios,14.31
2025-02-09,P024,Ingreso,75,180,,,,Producto_24,Calzado,11.93
2025-02-09,P007,Salida,79,789,O00116,2025-02-10,1.0,Producto_7,Industrial,29.74
2025-02-09,P003,Ingreso,57,797,,,,Producto_3,Industrial,6.87
2025-02-09,P016,Salida,86,286,O00117,2025-02-12,3.0,Producto_16,Plásticos,27.53
2025-02-09,P013,Salida,111,51,O00118,2025-02-15,6.0,Producto_13,Accesorios,23.02
2025-02-09,P004,Ingreso,107,215,,,,Producto_4,Accesorios,43.95
2025-02-09,P006,Salida,114,28,O00119,2025-02-14,5.0,Producto_6,Plásticos,8.62
2025-02-09,P009,Salida,97,206,O00120,2025-02-10,1.0,Producto_9,Industrial,44.33
2025-02-10,P022,Salida,102,507,O00121,2025-02-14,4.0,Producto_22,Accesorios,29.4
2025-02-10,P013,Ingreso,57,108,,,,Producto_13,Accesorios,23.02
2025-02-10,P004,Salida,53,162,O00122,2025-02-13,3.0,Producto_4,Accesorios,43.95
2025-02-10,P009,Salida,79,127,,,,Producto_9,Industrial,44.33
2025-02-10,P005,Salida,52,270,O00123,2025-02-13,3.0,Producto_5,Accesorios,14.31
2025-02-10,P021,Ingreso,56,312,,,,Producto_21,Plásticos,32.33
2025-02-10,P020,Ingreso,24,191,,,,Producto_20,Seguridad,14.64
2025-02-10,P014,Ingreso,84,330,,,,Producto_14,Plásticos,5.53
2025-02-10,P002,Ingreso,77,419,,,,Producto_2,Accesorios,20.99
2025-02-11,P007,Salida,83,706,,,,Producto_7,Industrial,29.74
2025-02-11,P018,Ingreso,72,660,,,,Producto_18,Accesorios,5.64
2025-02-11,P017,Ingreso,51,669,,,,Producto_17,Seguridad,20.42
2025-02-11,P006,Ingreso,65,93,,,,Producto_6,Plásticos,8.62
2025-02-11,P009,Salida,77,50,O00124,2025-02-17,6.0,Producto_9,Industrial,44.33
2025-02-11,P025,Salida,54,354,O00125,2025-02-14,3.0,Producto_25,Calzado,20.64
2025-02-11,P023,Ingreso,31,152,,,,Producto_23,Seguridad,38.33
2025-02-11,P005,Salida,95,175,O00126,2025-02-13,2.0,Producto_5,Accesorios,14.31
2025-02-11,P001,Ingreso,19,125,,,,Producto_1,Seguridad,25.99
2025-02-12,P014,Ingreso,90,420,,,,Producto_14,Plásticos,5.53
2025-02-12,P006,Ingreso,46,139,,,,Producto_6,Plásticos,8.62
2025-02-12,P023,Salida,101,51,O00127,2025-02-15,3.0,Producto_23,Seguridad,38.33
2025-02-12,P011,Ingreso,87,485,,,,Producto_11,Seguridad,39.4
2025-02-12,P013,Salida,66,42,O00128,2025-02-14,2.0,Producto_13,Accesorios,23.02
2025-02-12,P020,Ingreso,16,207,,,,Producto_20,Seguridad,14.64
2025-02-13,P002,Ingreso,79,498,,,,Producto_2,Accesorios,20.99
2025-02-13,P020,Ingreso,77,284,,,,Producto_20,Seguridad,14.64
2025-02-13,P013,Ingreso,69,111,,,,Producto_13,Accesorios,23.02
2025-02-13,P001,Ingreso,14,139,,,,Producto_1,Seguridad,25.99
2025-02-13,P016,Ingreso,41,327,,,,Producto_16,Plásticos,27.53
2025-02-13,P015,Salida,111,569,O00129,2025-02-16,3.0,Producto_15,Seguridad,42.69
2025-02-13,P025,Salida,67,287,O00130,2025-02-19,6.0,Producto_25,Calzado,20.64
2025-02-13,P005,Ingreso,53,228,,,,Producto_5,Accesorios,14.31
2025-02-13,P019,Salida,90,387,,,,Producto_19,Calzado,14.24
2025-02-14,P023,Salida,51,0,O00131,2025-02-20,6.0,Producto_23,Seguridad,38.33
2025-02-14,P011,Salida,79,406,O00132,2025-02-15,1.0,Producto_11,Seguridad,39.4
2025-02-14,P002,Salida,85,413,,,,Producto_2,Accesorios,20.99
2025-02-14,P017,Salida,23,646,O00133,2025-02-16,2.0,Producto_17,Seguridad,20.42
2025-02-14,P019,Ingreso,114,501,,,,Producto_19,Calzado,14.24
2025-02-14,P025,Ingreso,100,387,,,,Producto_25,Calzado,20.64
2025-02-14,P006,Ingreso,74,213,,,,Producto_6,Plásticos,8.62
2025-02-14,P003,Ingreso,61,858,,,,Producto_3,Industrial,6.87
2025-02-14,P021,Ingreso,35,347,,,,Producto_21,Plásticos,32.33
2025-02-14,P024,Salida,64,116,O00134,2025-02-20,6.0,Producto_24,Calzado,11.93
2025-02-14,P001,Salida,95,44,O00135,2025-02-18,4.0,Producto_1,Seguridad,25.99
2025-02-15,P001,Salida,19,25,,,,Producto_1,Seguridad,25.99
2025-02-15,P011,Ingreso,63,469,,,,Producto_11,Seguridad,39.4
2025-02-15,P023,Ingreso,104,104,,,,Producto_23,Seguridad,38.33
2025-02-15,P024,Salida,116,0,,,,Producto_24,Calzado,11.93
2025-02-15,P025,Salida,61,326,O00136,2025-02-16,1.0,Producto_25,Calzado,20.64
2025-02-15,P008,Salida,22,402,O00137,2025-02-20,5.0,Producto_8,Industrial,20.3
2025-02-16,P023,Salida,40,64,O00138,2025-02-17,1.0,Producto_23,Seguridad,38.33
2025-02-16,P019,Ingreso,18,519,,,,Producto_19,Calzado,14.24
2025-02-16,P008,Ingreso,82,484,,,,Producto_8,Industrial,20.3
2025-02-16,P001,Salida,25,0,O00139,2025-02-20,4.0,Producto_1,Seguridad,25.99
2025-02-16,P017,Salida,13,633,,,,Producto_17,Seguridad,20.42
2025-02-16,P024,Salida,0,0,O00140,2025-02-21,5.0,Producto_24,Calzado,11.93
2025-02-17,P001,Salida,0,0,O00141,2025-02-19,2.0,Producto_1,Seguridad,25.99
2025-02-17,P025,Ingreso,94,420,,,,Producto_25,Calzado,20.64
2025-02-17,P011,Ingreso,110,579,,,,Producto_11,Seguridad,39.4
2025-02-17,P019,Salida,45,474,O00142,2025-02-18,1.0,Producto_19,Calzado,14.24
2025-02-17,P010,Salida,72,372,O00143,2025-02-22,5.0,Producto_10,Accesorios,23.67
2025-02-17,P009,Salida,50,0,,,,Producto_9,Industrial,44.33
2025-02-17,P008,Ingreso,91,575,,,,Producto_8,Industrial,20.3
2025-02-17,P017,Salida,114,519,O00144,2025-02-22,5.0,Producto_17,Seguridad,20.42
2025-02-18,P014,Salida,88,332,,,,Producto_14,Plásticos,5.53
2025-02-18,P019,Salida,54,420,O00145,2025-02-22,4.0,Producto_19,Calzado,14.24
2025-02-18,P006,Salida,110,103,O00146,2025-02-19,1.0,Producto_6,Plásticos,8.62
2025-02-18,P007,Salida,10,696,O00147,2025-02-21,3.0,Producto_7,Industrial,29.74
2025-02-18,P011,Ingreso,14,593,,,,Producto_11,Seguridad,39.4
2025-02-18,P003,Salida,113,745,O00148,2025-02-24,6.0,Producto_3,Industrial,6.87
2025-02-18,P004,Salida,61,101,,,,Producto_4,Accesorios,43.95
2025-02-18,P005,Salida,37,191,O00149,2025-02-20,2.0,Producto_5,Accesorios,14.31
2025-02-18,P008,Ingreso,103,678,,,,Producto_8,Industrial,20.3
2025-02-18,P015,Salida,17,552,O00150,2025-02-24,6.0,Producto_15,Seguridad,42.69
2025-02-19,P013,Ingreso,22,133,,,,Producto_13,Accesorios,23.02
2025-02-19,P005,Salida,104,87,O00151,2025-02-23,4.0,Producto_5,Accesorios,14.31
2025-02-19,P024,Ingreso,19,19,,,,Producto_24,Calzado,11.93
2025-02-19,P025,Ingreso,49,469,,,,Producto_25,Calzado,20.64
2025-02-19,P022,Salida,82,425,O00152,2025-02-22,3.0,Producto_22,Accesorios,29.4
2025-02-19,P020,Salida,98,186,O00153,2025-02-23,4.0,Producto_20,Seguridad,14.64
2025-02-19,P010,Ingreso,94,466,,,,Producto_10,Accesorios,23.67
2025-02-19,P006,Salida,60,43,,,,Producto_6,Plásticos,8.62
2025-02-19,P007,Salida,108,588,O00154,2025-02-25,6.0,Producto_7,Industrial,29.74
2025-02-19,P011,Salida,21,572,,,,Producto_11,Seguridad,39.4
2025-02-19,P012,Ingreso,22,199,,,,Producto_12,Industrial,32.21
2025-02-20,P015,Salida,106,446,O00155,2025-02-26,6.0,Producto_15,Seguridad,42.69
2025-02-20,P010,Salida,38,428,O00156,2025-02-24,4.0,Producto_10,Accesorios,23.67
2025-02-20,P020,Salida,110,76,O00157,2025-02-22,2.0,Producto_20,Seguridad,14.64
2025-02-20,P001,Salida,0,0,O00158,2025-02-25,5.0,Producto_1,Seguridad,25.99
2025-02-20,P016,Salida,13,314,O00159,2025-02-22,2.0,Producto_16,Plásticos,27.53
2025-02-20,P022,Salida,98,327,O00160,2025-02-26,6.0,Producto_22,Accesorios,29.4
2025-02-20,P017,Salida,36,483,O00161,2025-02-25,5.0,Producto_17,Seguridad,20.42
2025-02-20,P003,Salida,45,700,O00162,2025-02-22,2.0,Producto_3,Industrial,6.87
2025-02-20,P004,Salida,21,80,,,,Producto_4,Accesorios,43.95
2025-02-20,P005,Ingreso,43,130,,,,Producto_5,Accesorios,14.31
2025-02-21,P022,Ingreso,55,382,,,,Producto_22,Accesorios,29.4
2025-02-21,P001,Ingreso,66,66,,,,Producto_1,Seguridad,25.99
2025-02-21,P009,Ingreso,26,26,,,,Producto_9,Industrial,44.33
2025-02-21,P023,Salida,13,51,O00163,2025-02-24,3.0,Producto_23,Seguridad,38.33
2025-02-21,P007,Ingreso,89,677,,,,Producto_7,Industrial,29.74
2025-02-21,P012,Ingreso,13,212,,,,Producto_12,Industrial,32.21
2025-02-21,P018,Ingreso,33,693,,,,Producto_18,Accesorios,5.64
2025-02-21,P002,Salida,91,322,O00164,2025-02-25,4.0,Producto_2,Accesorios,20.99
2025-02-21,P003,Salida,58,642,O00165,2025-02-24,3.0,Producto_3,Industrial,6.87
2025-02-22,P010,Salida,54,374,O00166,2025-02-28,6.0,Producto_10,Accesorios,23.67
2025-02-22,P008,Salida,56,622,O00167,2025-02-28,6.0,Producto_8,Industrial,20.3
2025-02-22,P022,Salida,84,298,,,,Producto_22,Accesorios,29.4
2025-02-22,P005,Salida,78,52,O00168,2025-02-27,5.0,Producto_5,Accesorios,14.31
2025-02-22,P023,Salida,12,39,O00169,2025-02-23,1.0,Producto_23,Seguridad,38.33
2025-02-22,P009,Salida,26,0,O00170,2025-02-25,3.0,Producto_9,Industrial,44.33
2025-02-22,P003,Ingreso,28,670,,,,Producto_3,Industrial,6.87
2025-02-22,P011,Ingreso,55,627,,,,Producto_11,Seguridad,39.4
2025-02-22,P018,Ingreso,78,771,,,,Producto_18,Accesorios,5.64
2025-02-22,P002,Salida,46,276,O00171,2025-02-27,5.0,Producto_2,Accesorios,20.99
2025-02-23,P020,Ingreso,16,92,,,,Producto_20,Seguridad,14.64
2025-02-23,P019,Ingreso,101,521,,,,Producto_19,Calzado,14.24
2025-02-23,P011,Salida,19,608,O00172,2025-03-01,6.0,Producto_11,Seguridad,39.4
2025-02-23,P002,Ingreso,98,374,,,,Producto_2,Accesorios,20.99
2025-02-23,P025,Salida,53,416,O00173,2025-02-27,4.0,Producto_25,Calzado,20.64
2025-02-23,P010,Ingreso,93,467,,,,Producto_10,Accesorios,23.67
2025-02-24,P019,Ingreso,97,618,,,,Producto_19,Calzado,14.24
2025-02-24,P016,Ingreso,98,412,,,,Producto_16,Plásticos,27.53
2025-02-24,P003,Salida,21,649,O00174,2025-02-25,1.0,Producto_3,Industrial,6.87
2025-02-24,P024,Ingreso,77,96,,,,Producto_24,Calzado,11.93
2025-02-24,P014,Ingreso,80,412,,,,Producto_14,Plásticos,5.53
2025-02-24,P017,Salida,42,441,O00175,2025-03-01,5.0,Producto_17,Seguridad,20.42
2025-02-25,P004,Salida,80,0,O00176,2025-03-03,6.0,Producto_4,Accesorios,43.95
2025-02-25,P022,Salida,19,279,,,,Producto_22,Accesorios,29.4
2025-02-25,P003,Salida,58,591,O00177,2025-03-02,5.0,Producto_3,Industrial,6.87
2025-02-25,P024,Ingreso,77,173,,,,Producto_24,Calzado,11.93
2025-02-25,P023,Salida,39,0,O00178,2025-03-02,5.0,Producto_23,Seguridad,38.33
2025-02-25,P013,Salida,101,32,O00179,2025-03-02,5.0,Producto_13,Accesorios,23.02
2025-02-25,P020,Salida,67,25,,,,Producto_20,Seguridad,14.64
2025-02-25,P008,Salida,75,547,O00180,2025-03-03,6.0,Producto_8,Industrial,20.3
2025-02-25,P016,Ingreso,53,465,,,,Producto_16,Plásticos,27.53
2025-02-26,P022,Salida,91,188,O00181,2025-03-02,4.0,Producto_22,Accesorios,29.4
2025-02-26,P002,Salida,11,363,O00182,2025-03-01,3.0,Producto_2,Accesorios,20.99
2025-02-26,P013,Ingreso,36,68,,,,Producto_13,Accesorios,23.02
2025-02-26,P016,Ingreso,49,514,,,,Producto_16,Plásticos,27.53
2025-02-26,P001,Salida,66,0,O00183,2025-03-03,5.0,Producto_1,Seguridad,25.99
2025-02-27,P010,Ingreso,78,545,,,,Producto_10,Accesorios,23.67
2025-02-27,P013,Salida,68,0,O00184,2025-03-03,4.0,Producto_13,Accesorios,23.02
2025-02-27,P017,Salida,14,427,,,,Producto_17,Seguridad,20.42
2025-02-27,P003,Ingreso,18,609,,,,Producto_3,Industrial,6.87
2025-02-27,P018,Salida,59,712,O00185,2025-03-03,4.0,Producto_18,Accesorios,5.64
2025-02-27,P021,Ingreso,20,367,,,,Producto_21,Plásticos,32.33
2025-02-27,P008,Salida,117,430,O00186,2025-03-04,5.0,Producto_8,Industrial,20.3
2025-02-27,P022,Ingreso,95,283,,,,Producto_22,Accesorios,29.4
2025-02-28,P008,Salida,43,387,O00187,2025-03-04,4.0,Producto_8,Industrial,20.3
2025-02-28,P024,Salida,79,94,,,,Producto_24,Calzado,11.93
2025-02-28,P017,Ingreso,81,508,,,,Producto_17,Seguridad,20.42
2025-02-28,P013,Ingreso,72,72,,,,Producto_13,Accesorios,23.02
2025-02-28,P025,Ingreso,67,483,,,,Producto_25,Calzado,20.64
2025-02-28,P014,Salida,47,365,O00188,2025-03-05,5.0,Producto_14,Plásticos,5.53
2025-02-28,P020,Ingreso,62,87,,,,Producto_20,Seguridad,14.64
2025-03-01,P024,Ingreso,87,181,,,,Producto_24,Calzado,11.93
2025-03-01,P005,Salida,34,18,O00189,2025-03-07,6.0,Producto_5,Accesorios,14.31
2025-03-01,P019,Salida,96,522,O00190,2025-03-02,1.0,Producto_19,Calzado,14.24
2025-03-01,P021,Ingreso,60,427,,,,Producto_21,Plásticos,32.33
2025-03-01,P023,Salida,0,0,,,,Producto_23,Seguridad,38.33
2025-03-01,P010,Ingreso,80,625,,,,Producto_10,Accesorios,23.67
2025-03-01,P022,Salida,82,201,O00191,2025-03-02,1.0,Producto_22,Accesorios,29.4
2025-03-01,P008,Ingreso,56,443,,,,Producto_8,Industrial,20.3
2025-03-01,P016,Ingreso,47,561,,,,Producto_16,Plásticos,27.53
2025-03-01,P025,Ingreso,45,528,,,,Producto_25,Calzado,20.64
2025-03-02,P010,Salida,73,552,,,,Producto_10,Accesorios,23.67
2025-03-02,P023,Salida,0,0,O00192,2025-03-06,4.0,Producto_23,Seguridad,38.33
2025-03-02,P015,Ingreso,53,499,,,,Producto_15,Seguridad,42.69
2025-03-02,P018,Ingreso,82,794,,,,Producto_18,Accesorios,5.64
2025-03-02,P013,Salida,72,0,,,,Producto_13,Accesorios,23.02
2025-03-03,P002,Ingreso,80,443,,,,Producto_2,Accesorios,20.99
2025-03-03,P007,Ingreso,13,690,,,,Producto_7,Industrial,29.74
2025-03-03,P017,Ingreso,54,562,,,,Producto_17,Seguridad,20.42
2025-03-03,P025,Salida,117,411,,,,Producto_25,Calzado,20.64
2025-03-03,P011,Salida,64,544,,,,Producto_11,Seguridad,39.4
2025-03-03,P018,Ingreso,47,841,,,,Producto_18,Accesorios,5.64
2025-03-04,P024,Ingreso,17,198,,,,Producto_24,Calzado,11.93
2025-03-04,P016,Ingreso,106,667,,,,Producto_16,Plásticos,27.53
2025-03-04,P007,Ingreso,94,784,,,,Producto_7,Industrial,29.74
2025-03-04,P002,Ingreso,73,516,,,,Producto_2,Accesorios,20.99
2025-03-04,P021,Salida,116,311,O00193,2025-03-05,1.0,Producto_21,Plásticos,32.33
2025-03-04,P005,Ingreso,46,64,,,,Producto_5,Accesorios,14.31
2025-03-04,P014,Ingreso,26,391,,,,Producto_14,Plásticos,5.53
2025-03-04,P011,Ingreso,60,604,,,,Producto_11,Seguridad,39.4
2025-03-04,P004,Salida,0,0,,,,Producto_4,Accesorios,43.95
2025-03-04,P025,Salida,20,391,O00194,2025-03-07,3.0,Producto_25,Calzado,20.64
2025-03-05,P002,Salida,91,425,O00195,2025-03-09,4.0,Producto_2,Accesorios,20.99
2025-03-05,P011,Ingreso,45,649,,,,Producto_11,Seguridad,39.4
2025-03-05,P004,Ingreso,28,28,,,,Producto_4,Accesorios,43.95
2025-03-05,P006,Salida,43,0,,,,Producto_6,Plásticos,8.62
2025-03-05,P009,Ingreso,24,24,,,,Producto_9,Industrial,44.33
2025-03-05,P003,Salida,11,598,O00196,2025-03-06,1.0,Producto_3,Industrial,6.87
2025-03-05,P025,Salida,60,331,O00197,2025-03-07,2.0,Producto_25,Calzado,20.64
2025-03-05,P017,Salida,60,502,,,,Producto_17,Seguridad,20.42
2025-03-05,P015,Salida,37,462,O00198,2025-03-11,6.0,Producto_15,Seguridad,42.69
2025-03-06,P004,Salida,28,0,,,,Producto_4,Accesorios,43.95
2025-03-06,P019,Ingreso,54,576,,,,Producto_19,Calzado,14.24
2025-03-06,P020,Ingreso,62,149,,,,Producto_20,Seguridad,14.64
2025-03-06,P025,Salida,39,292,O00199,2025-03-08,2.0,Producto_25,Calzado,20.64
2025-03-06,P013,Ingreso,76,76,,,,Producto_13,Accesorios,23.02
2025-03-06,P015,Salida,88,374,,,,Producto_15,Seguridad,42.69
2025-03-06,P023,Ingreso,84,84,,,,Producto_23,Seguridad,38.33
2025-03-07,P015,Ingreso,73,447,,,,Producto_15,Seguridad,42.69
2025-03-07,P013,Salida,43,33,,,,Producto_13,Accesorios,23.02
2025-03-07,P016,Salida,111,556,O00200,2025-03-11,4.0,Producto_16,Plásticos,27.53
2025-03-07,P009,Ingreso,59,83,,,,Producto_9,Industrial,44.33
2025-03-07,P006,Salida,0,0,O00201,2025-03-10,3.0,Producto_6,Plásticos,8.62
2025-03-07,P018,Ingreso,35,876,,,,Producto_18,Accesorios,5.64
2025-03-08,P008,Ingreso,56,499,,,,Producto_8,Industrial,20.3
2025-03-08,P012,Ingreso,26,238,,,,Producto_12,Industrial,32.21
2025-03-08,P023,Ingreso,31,115,,,,Producto_23,Seguridad,38.33
2025-03-08,P001,Salida,0,0,O00202,2025-03-13,5.0,Producto_1,Seguridad,25.99
2025-03-08,P009,Salida,83,0,O00203,2025-03-11,3.0,Producto_9,Industrial,44.33
2025-03-08,P002,Ingreso,107,532,,,,Producto_2,Accesorios,20.99
2025-03-08,P004,Ingreso,60,60,,,,Producto_4,Accesorios,43.95
2025-03-09,P006,Salida,0,0,O00204,2025-03-14,5.0,Producto_6,Plásticos,8.62
2025-03-09,P018,Ingreso,14,890,,,,Producto_18,Accesorios,5.64
2025-03-09,P013,Salida,33,0,,,,Producto_13,Accesorios,23.02
2025-03-09,P019,Ingreso,100,676,,,,Producto_19,Calzado,14.24
2025-03-09,P010,Salida,20,532,O00205,2025-03-13,4.0,Producto_10,Accesorios,23.67
2025-03-09,P009,Ingreso,20,20,,,,Producto_9,Industrial,44.33
2025-03-10,P002,Salida,60,472,,,,Producto_2,Accesorios,20.99
2025-03-10,P011,Salida,101,548,,,,Producto_11,Seguridad,39.4
2025-03-10,P015,Salida,13,434,,,,Producto_15,Seguridad,42.69
2025-03-10,P025,Salida,82,210,O00206,2025-03-15,5.0,Producto_25,Calzado,20.64
2025-03-10,P008,Ingreso,106,605,,,,Producto_8,Industrial,20.3
2025-03-10,P022,Salida,28,173,O00207,2025-03-13,3.0,Producto_22,Accesorios,29.4
2025-03-10,P001,Ingreso,22,22,,,,Producto_1,Seguridad,25.99
2025-03-10,P003,Salida,70,528,,,,Producto_3,Industrial,6.87
2025-03-10,P013,Ingreso,105,105,,,,Producto_13,Accesorios,23.02
2025-03-10,P021,Salida,95,216,,,,Producto_21,Plásticos,32.33
2025-03-10,P010,Salida,51,481,O00208,2025-03-15,5.0,Producto_10,Accesorios,23.67
2025-03-11,P012,Salida,10,228,,,,Producto_12,Industrial,32.21
2025-03-11,P025,Salida,113,97,O00209,2025-03-13,2.0,Producto_25,Calzado,20.64
2025-03-11,P013,Ingreso,13,118,,,,Producto_13,Accesorios,23.02
2025-03-11,P010,Ingreso,111,592,,,,Producto_10,Accesorios,23.67
2025-03-11,P006,Ingreso,81,81,,,,Producto_6,Plásticos,8.62
2025-03-11,P016,Ingreso,69,625,,,,Producto_16,Plásticos,27.53
2025-03-11,P011,Salida,105,443,O00210,2025-03-16,5.0,Producto_11,Seguridad,39.4
2025-03-11,P005,Ingreso,111,175,,,,Producto_5,Accesorios,14.31
2025-03-12,P004,Salida,60,0,O00211,2025-03-18,6.0,Producto_4,Accesorios,43.95
2025-03-12,P005,Salida,30,145,O00212,2025-03-15,3.0,Producto_5,Accesorios,14.31
2025-03-12,P001,Salida,22,0,O00213,2025-03-18,6.0,Producto_1,Seguridad,25.99
2025-03-12,P015,Salida,109,325,O00214,2025-03-16,4.0,Producto_15,Seguridad,42.69
2025-03-12,P020,Salida,23,126,O00215,2025-03-18,6.0,Producto_20,Seguridad,14.64
2025-03-12,P009,Salida,20,0,O00216,2025-03-18,6.0,Producto_9,Industrial,44.33
2025-03-13,P005,Ingreso,78,223,,,,Producto_5,Accesorios,14.31
2025-03-13,P025,Salida,73,24,O00217,2025-03-16,3.0,Producto_25,Calzado,20.64
2025-03-13,P016,Salida,116,509,O00218,2025-03-16,3.0,Producto_16,Plásticos,27.53
2025-03-13,P003,Salida,77,451,,,,Producto_3,Industrial,6.87
2025-03-13,P010,Salida,22,570,O00219,2025-03-19,6.0,Producto_10,Accesorios,23.67
2025-03-13,P007,Ingreso,85,869,,,,Producto_7,Industrial,29.74
2025-03-13,P006,Salida,26,55,O00220,2025-03-15,2.0,Producto_6,Plásticos,8.62
2025-03-13,P022,Salida,69,104,O00221,2025-03-15,2.0,Producto_22,Accesorios,29.4
2025-03-13,P017,Ingreso,94,596,,,,Producto_17,Seguridad,20.42
2025-03-13,P024,Salida,22,176,O00222,2025-03-17,4.0,Producto_24,Calzado,11.93
2025-03-13,P019,Ingreso,77,753,,,,Producto_19,Calzado,14.24
2025-03-14,P011,Ingreso,110,553,,,,Producto_11,Seguridad,39.4
2025-03-14,P015,Salida,40,285,,,,Producto_15,Seguridad,42.69
2025-03-14,P013,Ingreso,47,165,,,,Producto_13,Accesorios,23.02
2025-03-14,P016,Salida,65,444,O00223,2025-03-18,4.0,Producto_16,Plásticos,27.53
2025-03-14,P004,Salida,0,0,O00224,2025-03-15,1.0,Producto_4,Accesorios,43.95
2025-03-14,P017,Ingreso,16,612,,,,Producto_17,Seguridad,20.42
2025-03-14,P014,Ingreso,12,403,,,,Producto_14,Plásticos,5.53
2025-03-14,P008,Ingreso,117,722,,,,Producto_8,Industrial,20.3
2025-03-14,P002,Ingreso,37,509,,,,Producto_2,Accesorios,20.99
2025-03-14,P003,Salida,63,388,O00225,2025-03-19,5.0,Producto_3,Industrial,6.87
2025-03-14,P024,Ingreso,108,284,,,,Producto_24,Calzado,11.93
2025-03-15,P019,Salida,63,690,O00226,2025-03-20,5.0,Producto_19,Calzado,14.24
2025-03-15,P007,Salida,109,760,O00227,2025-03-17,2.0,Producto_7,Industrial,29.74
2025-03-15,P009,Salida,0,0,O00228,2025-03-16,1.0,Producto_9,Industrial,44.33
2025-03-15,P016,Salida,67,377,,,,Producto_16,Plásticos,27.53
2025-03-15,P018,Salida,51,839,,,,Producto_18,Accesorios,5.64
2025-03-15,P003,Salida,43,345,O00229,2025-03-20,5.0,Producto_3,Industrial,6.87
2025-03-15,P020,Ingreso,64,190,,,,Producto_20,Seguridad,14.64
2025-03-15,P011,Salida,66,487,O00230,2025-03-18,3.0,Producto_11,Seguridad,39.4
2025-03-15,P004,Salida,0,0,,,,Producto_4,Accesorios,43.95
2025-03-16,P006,Salida,31,24,O00231,2025-03-19,3.0,Producto_6,Plásticos,8.62
2025-03-16,P010,Salida,80,490,O00232,2025-03-18,2.0,Producto_10,Accesorios,23.67
2025-03-16,P016,Salida,54,323,O00233,2025-03-21,5.0,Producto_16,Plásticos,27.53
2025-03-16,P017,Salida,113,499,,,,Producto_17,Seguridad,20.42
2025-03-16,P014,Ingreso,84,487,,,,Producto_14,Plásticos,5.53
2025-03-16,P005,Ingreso,58,281,,,,Producto_5,Accesorios,14.31
2025-03-16,P021,Salida,111,105,O00234,2025-03-20,4.0,Producto_21,Plásticos,32.33
2025-03-16,P023,Salida,40,75,,,,Producto_23,Seguridad,38.33
2025-03-16,P018,Ingreso,14,853,,,,Producto_18,Accesorios,5.64
2025-03-16,P007,Salida,114,646,O00235,2025-03-22,6.0,Producto_7,Industrial,29.74
2025-03-16,P012,Ingreso,47,275,,,,Producto_12,Industrial,32.21
2025-03-17,P009,Salida,0,0,O00236,2025-03-20,3.0,Producto_9,Industrial,44.33
2025-03-17,P012,Salida,65,210,,,,Producto_12,Industrial,32.21
2025-03-17,P004,Salida,0,0,O00237,2025-03-18,1.0,Producto_4,Accesorios,43.95
2025-03-17,P007,Salida,96,550,O00238,2025-03-23,6.0,Producto_7,Industrial,29.74
2025-03-17,P025,Ingreso,15,39,,,,Producto_25,Calzado,20.64
2025-03-17,P023,Ingreso,38,113,,,,Producto_23,Seguridad,38.33
2025-03-17,P024,Salida,107,177,O00239,2025-03-20,3.0,Producto_24,Calzado,11.93
2025-03-18,P003,Salida,101,244,,,,Producto_3,Industrial,6.87
2025-03-18,P009,Ingreso,52,52,,,,Producto_9,Industrial,44.33
2025-03-18,P021,Ingreso,51,156,,,,Producto_21,Plásticos,32.33
2025-03-18,P012,Ingreso,75,285,,,,Producto_12,Industrial,32.21
2025-03-18,P020,Salida,57,133,O00240,2025-03-23,5.0,Producto_20,Seguridad,14.64
2025-03-18,P005,Ingreso,102,383,,,,Producto_5,Accesorios,14.31
2025-03-18,P006,Salida,22,2,O00241,2025-03-22,4.0,Producto_6,Plásticos,8.62
2025-03-18,P023,Ingreso,36,149,,,,Producto_23,Seguridad,38.33
2025-03-18,P019,Salida,10,680,O00242,2025-03-23,5.0,Producto_19,Calzado,14.24
2025-03-19,P008,Salida,29,693,O00243,2025-03-21,2.0,Producto_8,Industrial,20.3
2025-03-19,P006,Salida,2,0,O00244,2025-03-21,2.0,Producto_6,Plásticos,8.62
2025-03-19,P009,Salida,31,21,,,,Producto_9,Industrial,44.33
2025-03-19,P018,Ingreso,102,955,,,,Producto_18,Accesorios,5.64
2025-03-19,P013,Ingreso,20,185,,,,Producto_13,Accesorios,23.02
2025-03-19,P015,Salida,30,255,O00245,2025-03-21,2.0,Producto_15,Seguridad,42.69
2025-03-19,P012,Salida,118,167,O00246,2025-03-21,2.0,Producto_12,Industrial,32.21
2025-03-19,P019,Salida,30,650,,,,Producto_19,Calzado,14.24
2025-03-19,P005,Salida,93,290,O00247,2025-03-23,4.0,Producto_5,Accesorios,14.31
2025-03-19,P016,Ingreso,17,340,,,,Producto_16,Plásticos,27.53
2025-03-19,P004,Ingreso,28,28,,,,Producto_4,Accesorios,43.95
2025-03-20,P020,Ingreso,32,165,,,,Producto_20,Seguridad,14.64
2025-03-20,P006,Salida,0,0,O00248,2025-03-26,6.0,Producto_6,Plásticos,8.62
2025-03-20,P007,Salida,69,481,O00249,2025-03-25,5.0,Producto_7,Industrial,29.74
2025-03-20,P019,Salida,49,601,O00250,2025-03-26,6.0,Producto_19,Calzado,14.24
2025-03-20,P009,Ingreso,93,114,,,,Producto_9,Industrial,44.33
2025-03-20,P018,Ingreso,60,1015,,,,Producto_18,Accesorios,5.64
2025-03-20,P012,Ingreso,77,244,,,,Producto_12,Industrial,32.21
2025-03-20,P017,Salida,47,452,,,,Producto_17,Seguridad,20.42
2025-03-20,P010,Salida,50,440,,,,Producto_10,Accesorios,23.67
2025-03-20,P024,Ingreso,59,236,,,,Producto_24,Calzado,11.93
2025-03-20,P002,Salida,110,399,,,,Producto_2,Accesorios,20.99
2025-03-21,P006,Ingreso,110,110,,,,Producto_6,Plásticos,8.62
2025-03-21,P021,Ingreso,74,230,,,,Producto_21,Plásticos,32.33
2025-03-21,P024,Salida,60,176,O00251,2025-03-22,1.0,Producto_24,Calzado,11.93
2025-03-21,P005,Ingreso,75,365,,,,Producto_5,Accesorios,14.31
2025-03-21,P018,Salida,105,910,O00252,2025-03-27,6.0,Producto_18,Accesorios,5.64
2025-03-21,P012,Salida,32,212,O00253,2025-03-26,5.0,Producto_12,Industrial,32.21
2025-03-21,P003,Salida,90,154,O00254,2025-03-22,1.0,Producto_3,Industrial,6.87
2025-03-22,P005,Ingreso,87,452,,,,Producto_5,Accesorios,14.31
2025-03-22,P022,Salida,23,81,,,,Producto_22,Accesorios,29.4
2025-03-22,P014,Ingreso,97,584,,,,Producto_14,Plásticos,5.53
2025-03-22,P010,Salida,92,348,,,,Producto_10,Accesorios,23.67
2025-03-22,P011,Salida,49,438,O00255,2025-03-23,1.0,Producto_11,Seguridad,39.4
2025-03-22,P002,Ingreso,89,488,,,,Producto_2,Accesorios,20.99
2025-03-22,P025,Salida,22,17,,,,Producto_25,Calzado,20.64
2025-03-22,P008,Salida,28,665,O00256,2025-03-25,3.0,Producto_8,Industrial,20.3
2025-03-22,P004,Salida,28,0,O00257,2025-03-26,4.0,Producto_4,Accesorios,43.95
2025-03-23,P012,Ingreso,15,227,,,,Producto_12,Industrial,32.21
2025-03-23,P015,Ingreso,66,321,,,,Producto_15,Seguridad,42.69
2025-03-23,P010,Salida,78,270,O00258,2025-03-26,3.0,Producto_10,Accesorios,23.67
2025-03-23,P013,Ingreso,59,244,,,,Producto_13,Accesorios,23.02
2025-03-23,P021,Ingreso,28,258,,,,Producto_21,Plásticos,32.33
2025-03-23,P006,Salida,75,35,O00259,2025-03-27,4.0,Producto_6,Plásticos,8.62
2025-03-23,P011,Salida,93,345,O00260,2025-03-29,6.0,Producto_11,Seguridad,39.4
2025-03-23,P009,Salida,63,51,O00261,2025-03-27,4.0,Producto_9,Industrial,44.33
2025-03-24,P011,Salida,107,238,O00262,2025-03-26,2.0,Producto_11,Seguridad,39.4
2025-03-24,P014,Ingreso,83,667,,,,Producto_14,Plásticos,5.53
2025-03-24,P019,Salida,35,566,O00263,2025-03-27,3.0,Producto_19,Calzado,14.24
2025-03-24,P013,Ingreso,111,355,,,,Producto_13,Accesorios,23.02
2025-03-24,P007,Ingreso,50,531,,,,Producto_7,Industrial,29.74
2025-03-24,P003,Ingreso,117,271,,,,Producto_3,Industrial,6.87
2025-03-24,P021,Salida,108,150,O00264,2025-03-30,6.0,Producto_21,Plásticos,32.33
2025-03-24,P001,Salida,0,0,,,,Producto_1,Seguridad,25.99
2025-03-24,P004,Ingreso,19,19,,,,Producto_4,Accesorios,43.95
2025-03-25,P007,Ingreso,16,547,,,,Producto_7,Industrial,29.74
2025-03-25,P012,Ingreso,45,272,,,,Producto_12,Industrial,32.21
2025-03-25,P017,Salida,19,433,O00265,2025-03-30,5.0,Producto_17,Seguridad,20.42
2025-03-25,P014,Salida,41,626,O00266,2025-03-31,6.0,Producto_14,Plásticos,5.53
2025-03-25,P018,Ingreso,36,946,,,,Producto_18,Accesorios,5.64
2025-03-26,P024,Ingreso,43,219,,,,Producto_24,Calzado,11.93
2025-03-26,P006,Ingreso,70,105,,,,Producto_6,Plásticos,8.62
2025-03-26,P012,Ingreso,71,343,,,,Producto_12,Industrial,32.21
2025-03-26,P014,Salida,84,542,O00267,2025-04-01,6.0,Producto_14,Plásticos,5.53
2025-03-26,P013,Salida,19,336,,,,Producto_13,Accesorios,23.02
2025-03-26,P016,Ingreso,45,385,,,,Producto_16,Plásticos,27.53
2025-03-26,P005,Salida,86,366,,,,Producto_5,Accesorios,14.31
2025-03-26,P001,Ingreso,111,111,,,,Producto_1,Seguridad,25.99
2025-03-26,P007,Salida,100,447,O00268,2025-03-29,3.0,Producto_7,Industrial,29.74
2025-03-26,P008,Salida,90,575,,,,Producto_8,Industrial,20.3
2025-03-27,P022,Ingreso,66,147,,,,Producto_22,Accesorios,29.4
2025-03-27,P015,Ingreso,95,416,,,,Producto_15,Seguridad,42.69
2025-03-27,P020,Salida,70,95,O00269,2025-03-31,4.0,Producto_20,Seguridad,14.64
2025-03-27,P003,Ingreso,10,281,,,,Producto_3,Industrial,6.87
2025-03-27,P014,Salida,87,455,O00270,2025-03-28,1.0,Producto_14,Plásticos,5.53
2025-03-27,P013,Ingreso,47,383,,,,Producto_13,Accesorios,23.02
2025-03-27,P016,Ingreso,38,423,,,,Producto_16,Plásticos,27.53
2025-03-27,P024,Ingreso,83,302,,,,Producto_24,Calzado,11.93
2025-03-27,P021,Salida,80,70,,,,Producto_21,Plásticos,32.33
2025-03-27,P019,Salida,92,474,O00271,2025-04-01,5.0,Producto_19,Calzado,14.24
2025-03-28,P002,Ingreso,14,502,,,,Producto_2,Accesorios,20.99
2025-03-28,P017,Salida,90,343,O00272,2025-03-31,3.0,Producto_17,Seguridad,20.42
2025-03-28,P011,Ingreso,95,333,,,,Producto_11,Seguridad,39.4
2025-03-28,P006,Ingreso,46,151,,,,Producto_6,Plásticos,8.62
2025-03-28,P003,Ingreso,41,322,,,,Producto_3,Industrial,6.87
2025-03-29,P018,Ingreso,20,966,,,,Producto_18,Accesorios,5.64
2025-03-29,P010,Ingreso,56,326,,,,Producto_10,Accesorios,23.67
2025-03-29,P025,Ingreso,28,45,,,,Producto_25,Calzado,20.64
2025-03-29,P009,Ingreso,37,88,,,,Producto_9,Industrial,44.33
2025-03-29,P004,Salida,19,0,O00273,2025-03-30,1.0,Producto_4,Accesorios,43.95
2025-03-29,P007,Ingreso,28,475,,,,Producto_7,Industrial,29.74
2025-03-29,P024,Salida,49,253,,,,Producto_24,Calzado,11.93
2025-03-29,P023,Ingreso,59,208,,,,Producto_23,Seguridad,38.33
2025-03-29,P003,Ingreso,22,344,,,,Producto_3,Industrial,6.87
2025-03-29,P011,Salida,43,290,O00274,2025-04-03,5.0,Producto_11,Seguridad,39.4
2025-03-30,P004,Salida,0,0,O00275,2025-04-03,4.0,Producto_4,Accesorios,43.95
2025-03-30,P002,Salida,65,437,,,,Producto_2,Accesorios,20.99
2025-03-30,P006,Salida,89,62,O00276,2025-04-03,4.0,Producto_6,Plásticos,8.62
2025-03-30,P016,Ingreso,114,537,,,,Producto_16,Plásticos,27.53
2025-03-30,P014,Salida,38,417,O00277,2025-04-01,2.0,Producto_14,Plásticos,5.53
2025-03-31,P023,Ingreso,54,262,,,,Producto_23,Seguridad,38.33
2025-03-31,P017,Salida,29,314,,,,Producto_17,Seguridad,20.42
2025-03-31,P025,Salida,45,0,O00278,2025-04-03,3.0,Producto_25,Calzado,20.64
2025-03-31,P005,Ingreso,73,439,,,,Producto_5,Accesorios,14.31
2025-03-31,P001,Salida,64,47,O00279,2025-04-03,3.0,Producto_1,Seguridad,25.99
2025-04-01,P007,Salida,73,402,,,,Producto_7,Industrial,29.74
2025-04-01,P003,Ingreso,101,445,,,,Producto_3,Industrial,6.87
2025-04-01,P001,Ingreso,101,148,,,,Producto_1,Seguridad,25.99
2025-04-01,P014,Ingreso,67,484,,,,Producto_14,Plásticos,5.53
2025-04-01,P018,Salida,96,870,O00280,2025-04-06,5.0,Producto_18,Accesorios,5.64
2025-04-01,P006,Salida,45,17,,,,Producto_6,Plásticos,8.62
2025-04-01,P012,Salida,71,272,O00281,2025-04-03,2.0,Producto_12,Industrial,32.21
2025-04-01,P013,Ingreso,20,403,,,,Producto_13,Accesorios,23.02
2025-04-02,P005,Salida,70,369,O00282,2025-04-07,5.0,Producto_5,Accesorios,14.31
2025-04-02,P022,Salida,30,117,O00283,2025-04-07,5.0,Producto_22,Accesorios,29.4
2025-04-02,P004,Salida,0,0,O00284,2025-04-07,5.0,Producto_4,Accesorios,43.95
2025-04-02,P021,Salida,13,57,O00285,2025-04-08,6.0,Producto_21,Plásticos,32.33
2025-04-02,P009,Salida,88,0,,,,Producto_9,Industrial,44.33
2025-04-02,P014,Ingreso,17,501,,,,Producto_14,Plásticos,5.53
2025-04-02,P006,Ingreso,72,89,,,,Producto_6,Plásticos,8.62
2025-04-02,P025,Ingreso,30,30,,,,Producto_25,Calzado,20.64
2025-04-02,P007,Salida,88,314,O00286,2025-04-08,6.0,Producto_7,Industrial,29.74
2025-04-02,P003,Salida,15,430,O00287,2025-04-08,6.0,Producto_3,Industrial,6.87
2025-04-03,P019,Ingreso,68,542,,,,Producto_19,Calzado,14.24
2025-04-03,P012,Salida,63,209,O00288,2025-04-07,4.0,Producto_12,Industrial,32.21
2025-04-03,P010,Salida,44,282,O00289,2025-04-09,6.0,Producto_10,Accesorios,23.67
2025-04-03,P015,Salida,58,358,,,,Producto_15,Seguridad,42.69
2025-04-03,P017,Ingreso,88,402,,,,Producto_17,Seguridad,20.42
2025-04-03,P023,Salida,67,195,O00290,2025-04-08,5.0,Producto_23,Seguridad,38.33
2025-04-03,P009,Salida,0,0,O00291,2025-04-07,4.0,Producto_9,Industrial,44.33
2025-04-04,P022,Salida,41,76,O00292,2025-04-06,2.0,Producto_22,Accesorios,29.4
2025-04-04,P009,Ingreso,63,63,,,,Producto_9,Industrial,44.33
2025-04-04,P006,Ingreso,96,185,,,,Producto_6,Plásticos,8.62
2025-04-04,P015,Salida,53,305,O00293,2025-04-05,1.0,Producto_15,Seguridad,42.69
2025-04-04,P001,Salida,98,50,O00294,2025-04-06,2.0,Producto_1,Seguridad,25.99
2025-04-04,P008,Salida,74,501,O00295,2025-04-08,4.0,Producto_8,Industrial,20.3
2025-04-04,P025,Ingreso,113,143,,,,Producto_25,Calzado,20.64
2025-04-04,P004,Salida,0,0,O00296,2025-04-05,1.0,Producto_4,Accesorios,43.95
2025-04-04,P017,Salida,23,379,O00297,2025-04-06,2.0,Producto_17,Seguridad,20.42
2025-04-05,P014,Ingreso,90,591,,,,Producto_14,Plásticos,5.53
2025-04-05,P009,Salida,63,0,,,,Producto_9,Industrial,44.33
2025-04-05,P016,Salida,16,521,O00298,2025-04-08,3.0,Producto_16,Plásticos,27.53
2025-04-05,P021,Salida,57,0,O00299,2025-04-06,1.0,Producto_21,Plásticos,32.33
2025-04-05,P007,Salida,93,221,O00300,2025-04-06,1.0,Producto_7,Industrial,29.74
2025-04-06,P016,Salida,41,480,O00301,2025-04-11,5.0,Producto_16,Plásticos,27.53
2025-04-06,P024,Salida,46,207,,,,Producto_24,Calzado,11.93
2025-04-06,P005,Salida,49,320,O00302,2025-04-09,3.0,Producto_5,Accesorios,14.31
2025-04-06,P018,Ingreso,17,887,,,,Producto_18,Accesorios,5.64
2025-04-06,P006,Ingreso,65,250,,,,Producto_6,Plásticos,8.62
2025-04-06,P009,Ingreso,48,48,,,,Producto_9,Industrial,44.33
2025-04-06,P004,Ingreso,45,45,,,,Producto_4,Accesorios,43.95
2025-04-06,P019,Salida,105,437,,,,Producto_19,Calzado,14.24
2025-04-06,P025,Ingreso,13,156,,,,Producto_25,Calzado,20.64
2025-04-06,P002,Ingreso,73,510,,,,Producto_2,Accesorios,20.99
2025-04-06,P011,Ingreso,97,387,,,,Producto_11,Seguridad,39.4
2025-04-07,P004,Ingreso,18,63,,,,Producto_4,Accesorios,43.95
2025-04-07,P019,Ingreso,98,535,,,,Producto_19,Calzado,14.24
2025-04-07,P018,Salida,85,802,,,,Producto_18,Accesorios,5.64
2025-04-07,P013,Salida,24,379,O00303,2025-04-12,5.0,Producto_13,Accesorios,23.02
2025-04-07,P009,Salida,18,30,,,,Producto_9,Industrial,44.33
2025-04-07,P025,Ingreso,94,250,,,,Producto_25,Calzado,20.64
2025-04-07,P015,Salida,89,216,O00304,2025-04-11,4.0,Producto_15,Seguridad,42.69
2025-04-07,P021,Salida,0,0,O00305,2025-04-08,1.0,Producto_21,Plásticos,32.33
2025-04-07,P017,Salida,27,352,O00306,2025-04-11,4.0,Producto_17,Seguridad,20.42
2025-04-07,P001,Ingreso,105,155,,,,Producto_1,Seguridad,25.99
2025-04-07,P007,Ingreso,22,243,,,,Producto_7,Industrial,29.74
2025-04-08,P010,Salida,105,177,,,,Producto_10,Accesorios,23.67
2025-04-08,P015,Salida,81,135,O00307,2025-04-14,6.0,Producto_15,Seguridad,42.69
2025-04-08,P002,Ingreso,108,618,,,,Producto_2,Accesorios,20.99
2025-04-08,P001,Salida,68,87,O00308,2025-04-11,3.0,Producto_1,Seguridad,25.99
2025-04-08,P024,Salida,78,129,O00309,2025-04-09,1.0,Producto_24,Calzado,11.93
2025-04-08,P018,Ingreso,40,842,,,,Producto_18,Accesorios,5.64
2025-04-08,P003,Ingreso,93,523,,,,Producto_3,Industrial,6.87
2025-04-08,P021,Ingreso,31,31,,,,Producto_21,Plásticos,32.33
2025-04-08,P023,Salida,54,141,,,,Producto_23,Seguridad,38.33
2025-04-09,P006,Salida,98,152,,,,Producto_6,Plásticos,8.62
2025-04-09,P023,Salida,91,50,O00310,2025-04-15,6.0,Producto_23,Seguridad,38.33
2025-04-09,P005,Salida,105,215,O00311,2025-04-15,6.0,Producto_5,Accesorios,14.31
2025-04-09,P021,Salida,22,9,O00312,2025-04-15,6.0,Producto_21,Plásticos,32.33
2025-04-09,P016,Ingreso,64,544,,,,Producto_16,Plásticos,27.53
2025-04-09,P011,Salida,92,295,O00313,2025-04-10,1.0,Producto_11,Seguridad,39.4
2025-04-10,P005,Ingreso,20,235,,,,Producto_5,Accesorios,14.31
2025-04-10,P013,Salida,104,275,,,,Producto_13,Accesorios,23.02
2025-04-10,P007,Ingreso,102,345,,,,Producto_7,Industrial,29.74
2025-04-10,P014,Salida,49,542,,,,Producto_14,Plásticos,5.53
2025-04-10,P004,Ingreso,59,122,,,,Producto_4,Accesorios,43.95
2025-04-10,P006,Ingreso,118,270,,,,Producto_6,Plásticos,8.62
2025-04-10,P018,Salida,63,779,O00314,2025-04-11,1.0,Producto_18,Accesorios,5.64
2025-04-10,P008,Ingreso,20,521,,,,Producto_8,Industrial,20.3
2025-04-11,P016,Ingreso,41,585,,,,Producto_16,Plásticos,27.53
2025-04-11,P022,Salida,76,0,O00315,2025-04-17,6.0,Producto_22,Accesorios,29.4
2025-04-11,P013,Salida,108,167,O00316,2025-04-14,3.0,Producto_13,Accesorios,23.02
2025-04-11,P009,Salida,30,0,O00317,2025-04-12,1.0,Producto_9,Industrial,44.33
2025-04-11,P011,Salida,81,214,,,,Producto_11,Seguridad,39.4
2025-04-12,P019,Salida,89,446,,,,Producto_19,Calzado,14.24
2025-04-12,P007,Salida,114,231,O00318,2025-04-14,2.0,Producto_7,Industrial,29.74
2025-04-12,P001,Salida,87,0,,,,Producto_1,Seguridad,25.99
2025-04-12,P005,Salida,96,139,O00319,2025-04-13,1.0,Producto_5,Accesorios,14.31
2025-04-12,P017,Ingreso,75,427,,,,Producto_17,Seguridad,20.42
2025-04-12,P011,Ingreso,30,244,,,,Producto_11,Seguridad,39.4
2025-04-13,P007,Salida,30,201,,,,Producto_7,Industrial,29.74
2025-04-13,P002,Salida,32,586,O00320,2025-04-15,2.0,Producto_2,Accesorios,20.99
2025-04-13,P010,Salida,61,116,O00321,2025-04-16,3.0,Producto_10,Accesorios,23.67
2025-04-13,P011,Salida,14,230,O00322,2025-04-18,5.0,Producto_11,Seguridad,39.4
2025-04-13,P016,Salida,65,520,O00323,2025-04-19,6.0,Producto_16,Plásticos,27.53
2025-04-14,P021,Ingreso,61,70,,,,Producto_21,Plásticos,32.33
2025-04-14,P014,Ingreso,10,552,,,,Producto_14,Plásticos,5.53
2025-04-14,P003,Salida,49,474,,,,Producto_3,Industrial,6.87
2025-04-14,P004,Salida,72,50,O00324,2025-04-16,2.0,Producto_4,Accesorios,43.95
2025-04-14,P025,Salida,90,160,O00325,2025-04-17,3.0,Producto_25,Calzado,20.64
2025-04-14,P022,Ingreso,17,17,,,,Producto_22,Accesorios,29.4
2025-04-14,P023,Ingreso,26,76,,,,Producto_23,Seguridad,38.33
2025-04-14,P015,Ingreso,99,234,,,,Producto_15,Seguridad,42.69
2025-04-14,P024,Ingreso,47,176,,,,Producto_24,Calzado,11.93
2025-04-15,P009,Ingreso,43,43,,,,Producto_9,Industrial,44.33
2025-04-15,P012,Ingreso,14,223,,,,Producto_12,Industrial,32.21
2025-04-15,P007,Ingreso,15,216,,,,Producto_7,Industrial,29.74
2025-04-15,P002,Ingreso,73,659,,,,Producto_2,Accesorios,20.99
2025-04-15,P010,Salida,13,103,O00326,2025-04-21,6.0,Producto_10,Accesorios,23.67
2025-04-16,P006,Ingreso,41,311,,,,Producto_6,Plásticos,8.62
2025-04-16,P002,Salida,79,580,O00327,2025-04-22,6.0,Producto_2,Accesorios,20.99
2025-04-16,P018,Ingreso,88,867,,,,Producto_18,Accesorios,5.64
2025-04-16,P020,Ingreso,77,172,,,,Producto_20,Seguridad,14.64
2025-04-16,P016,Salida,89,431,,,,Producto_16,Plásticos,27.53
2025-04-16,P024,Ingreso,54,230,,,,Producto_24,Calzado,11.93
2025-04-16,P005,Ingreso,105,244,,,,Producto_5,Accesorios,14.31
2025-04-16,P009,Salida,40,3,O00328,2025-04-19,3.0,Producto_9,Industrial,44.33
2025-04-16,P008,Ingreso,112,633,,,,Producto_8,Industrial,20.3
2025-04-16,P010,Ingreso,17,120,,,,Producto_10,Accesorios,23.67
2025-04-17,P004,Salida,50,0,,,,Producto_4,Accesorios,43.95
2025-04-17,P023,Salida,76,0,O00329,2025-04-19,2.0,Producto_23,Seguridad,38.33
2025-04-17,P001,Salida,0,0,O00330,2025-04-20,3.0,Producto_1,Seguridad,25.99
2025-04-17,P018,Salida,105,762,,,,Producto_18,Accesorios,5.64
2025-04-17,P009,Ingreso,50,53,,,,Producto_9,Industrial,44.33
2025-04-17,P011,Ingreso,41,271,,,,Producto_11,Seguridad,39.4
2025-04-17,P008,Salida,79,554,O00331,2025-04-18,1.0,Producto_8,Industrial,20.3
2025-04-17,P017,Ingreso,20,447,,,,Producto_17,Seguridad,20.42
2025-04-17,P013,Salida,115,52,O00332,2025-04-21,4.0,Producto_13,Accesorios,23.02
2025-04-17,P025,Ingreso,23,183,,,,Producto_25,Calzado,20.64
2025-04-17,P015,Salida,114,120,O00333,2025-04-19,2.0,Producto_15,Seguridad,42.69
2025-04-18,P006,Salida,54,257,O00334,2025-04-19,1.0,Producto_6,Plásticos,8.62
2025-04-18,P001,Ingreso,73,73,,,,Producto_1,Seguridad,25.99
2025-04-18,P008,Ingreso,51,605,,,,Producto_8,Industrial,20.3
2025-04-18,P024,Salida,84,146,O00335,2025-04-21,3.0,Producto_24,Calzado,11.93
2025-04-18,P022,Ingreso,68,85,,,,Producto_22,Accesorios,29.4
2025-04-18,P012,Salida,15,208,,,,Producto_12,Industrial,32.21
2025-04-18,P021,Ingreso,57,127,,,,Producto_21,Plásticos,32.33
2025-04-19,P003,Salida,110,364,O00336,2025-04-25,6.0,Producto_3,Industrial,6.87
2025-04-19,P009,Salida,53,0,,,,Producto_9,Industrial,44.33
2025-04-19,P016,Salida,38,393,O00337,2025-04-23,4.0,Producto_16,Plásticos,27.53
2025-04-19,P021,Salida,61,66,O00338,2025-04-21,2.0,Producto_21,Plásticos,32.33
2025-04-19,P006,Ingreso,46,303,,,,Producto_6,Plásticos,8.62
2025-04-19,P005,Salida,38,206,O00339,2025-04-25,6.0,Producto_5,Accesorios,14.31
2025-04-20,P015,Salida,88,32,,,,Producto_15,Seguridad,42.69
2025-04-20,P008,Salida,13,592,O00340,2025-04-25,5.0,Producto_8,Industrial,20.3
2025-04-20,P017,Ingreso,84,531,,,,Producto_17,Seguridad,20.42
2025-04-20,P020,Ingreso,67,239,,,,Producto_20,Seguridad,14.64
2025-04-20,P003,Ingreso,53,417,,,,Producto_3,Industrial,6.87
2025-04-20,P001,Ingreso,51,124,,,,Producto_1,Seguridad,25.99
2025-04-20,P009,Ingreso,104,104,,,,Producto_9,Industrial,44.33
2025-04-20,P007,Salida,28,188,O00341,2025-04-23,3.0,Producto_7,Industrial,29.74
2025-04-20,P010,Salida,70,50,O00342,2025-04-25,5.0,Producto_10,Accesorios,23.67
2025-04-20,P012,Salida,68,140,O00343,2025-04-22,2.0,Producto_12,Industrial,32.21
2025-04-20,P023,Salida,0,0,O00344,2025-04-26,6.0,Producto_23,Seguridad,38.33
2025-04-21,P010,Salida,50,0,,,,Producto_10,Accesorios,23.67
2025-04-21,P013,Ingreso,76,128,,,,Producto_13,Accesorios,23.02
2025-04-21,P009,Salida,63,41,O00345,2025-04-23,2.0,Producto_9,Industrial,44.33
2025-04-21,P003,Salida,39,378,O00346,2025-04-25,4.0,Producto_3,Industrial,6.87
2025-04-21,P006,Salida,19,284,O00347,2025-04-22,1.0,Producto_6,Plásticos,8.62
2025-04-21,P020,Salida,114,125,O00348,2025-04-26,5.0,Producto_20,Seguridad,14.64
2025-04-21,P008,Salida,118,474,O00349,2025-04-25,4.0,Producto_8,Industrial,20.3
2025-04-21,P002,Salida,36,544,,,,Producto_2,Accesorios,20.99
2025-04-21,P019,Ingreso,99,545,,,,Producto_19,Calzado,14.24
2025-04-21,P005,Salida,21,185,O00350,2025-04-25,4.0,Producto_5,Accesorios,14.31
2025-04-21,P014,Ingreso,19,571,,,,Producto_14,Plásticos,5.53
2025-04-22,P023,Salida,0,0,O00351,2025-04-28,6.0,Producto_23,Seguridad,38.33
2025-04-22,P003,Salida,45,333,,,,Producto_3,Industrial,6.87
2025-04-22,P010,Salida,0,0,,,,Producto_10,Accesorios,23.67
2025-04-22,P006,Salida,42,242,,,,Producto_6,Plásticos,8.62
2025-04-22,P024,Salida,47,99,O00352,2025-04-27,5.0,Producto_24,Calzado,11.93
2025-04-23,P024,Ingreso,113,212,,,,Producto_24,Calzado,11.93
2025-04-23,P003,Ingreso,87,420,,,,Producto_3,Industrial,6.87
2025-04-23,P022,Ingreso,106,191,,,,Producto_22,Accesorios,29.4
2025-04-23,P010,Ingreso,108,108,,,,Producto_10,Accesorios,23.67
2025-04-23,P002,Ingreso,92,636,,,,Producto_2,Accesorios,20.99
2025-04-23,P023,Ingreso,71,71,,,,Producto_23,Seguridad,38.33
2025-04-23,P011,Salida,49,222,,,,Producto_11,Seguridad,39.4
2025-04-24,P023,Salida,10,61,O00353,2025-04-29,5.0,Producto_23,Seguridad,38.33
2025-04-24,P010,Salida,17,91,O00354,2025-04-27,3.0,Producto_10,Accesorios,23.67
2025-04-24,P019,Ingreso,69,614,,,,Producto_19,Calzado,14.24
2025-04-24,P017,Ingreso,100,631,,,,Producto_17,Seguridad,20.42
2025-04-24,P015,Ingreso,93,125,,,,Producto_15,Seguridad,42.69
2025-04-24,P016,Salida,82,311,,,,Producto_16,Plásticos,27.53
2025-04-24,P025,Ingreso,28,211,,,,Producto_25,Calzado,20.64
2025-04-24,P021,Salida,54,12,,,,Producto_21,Plásticos,32.33
2025-04-25,P002,Ingreso,35,671,,,,Producto_2,Accesorios,20.99
2025-04-25,P001,Ingreso,20,144,,,,Producto_1,Seguridad,25.99
2025-04-25,P005,Ingreso,52,237,,,,Producto_5,Accesorios,14.31
2025-04-25,P006,Ingreso,15,257,,,,Producto_6,Plásticos,8.62
2025-04-25,P023,Ingreso,111,172,,,,Producto_23,Seguridad,38.33
2025-04-25,P012,Salida,101,39,,,,Producto_12,Industrial,32.21
2025-04-25,P014,Salida,68,503,O00355,2025-04-28,3.0,Producto_14,Plásticos,5.53
2025-04-25,P017,Salida,77,554,O00356,2025-04-27,2.0,Producto_17,Seguridad,20.42
2025-04-25,P004,Salida,0,0,O00357,2025-04-30,5.0,Producto_4,Accesorios,43.95
2025-04-26,P022,Salida,106,85,O00358,2025-05-02,6.0,Producto_22,Accesorios,29.4
2025-04-26,P023,Ingreso,101,273,,,,Producto_23,Seguridad,38.33
2025-04-26,P005,Salida,89,148,O00359,2025-04-30,4.0,Producto_5,Accesorios,14.31
2025-04-26,P008,Ingreso,88,562,,,,Producto_8,Industrial,20.3
2025-04-26,P001,Salida,98,46,O00360,2025-04-28,2.0,Producto_1,Seguridad,25.99
2025-04-26,P003,Salida,62,358,O00361,2025-04-30,4.0,Producto_3,Industrial,6.87
2025-04-26,P024,Ingreso,73,285,,,,Producto_24,Calzado,11.93
2025-04-26,P002,Salida,115,556,,,,Producto_2,Accesorios,20.99
2025-04-26,P015,Ingreso,50,175,,,,Producto_15,Seguridad,42.69
2025-04-27,P023,Ingreso,33,306,,,,Producto_23,Seguridad,38.33
2025-04-27,P003,Salida,59,299,O00362,2025-04-30,3.0,Producto_3,Industrial,6.87
2025-04-27,P009,Salida,41,0,O00363,2025-05-01,4.0,Producto_9,Industrial,44.33
2025-04-27,P008,Ingreso,25,587,,,,Producto_8,Industrial,20.3
2025-04-27,P014,Salida,68,435,O00364,2025-05-02,5.0,Producto_14,Plásticos,5.53
2025-04-27,P025,Ingreso,57,268,,,,Producto_25,Calzado,20.64
2025-04-28,P003,Salida,104,195,,,,Producto_3,Industrial,6.87
2025-04-28,P018,Ingreso,51,813,,,,Producto_18,Accesorios,5.64
2025-04-28,P008,Salida,110,477,,,,Producto_8,Industrial,20.3
2025-04-28,P023,Salida,48,258,,,,Producto_23,Seguridad,38.33
2025-04-28,P017,Ingreso,38,592,,,,Producto_17,Seguridad,20.42
2025-04-28,P006,Ingreso,71,328,,,,Producto_6,Plásticos,8.62
2025-04-28,P014,Ingreso,11,446,,,,Producto_14,Plásticos,5.53
2025-04-28,P025,Salida,53,215,O00365,2025-05-01,3.0,Producto_25,Calzado,20.64
2025-04-28,P013,Ingreso,91,219,,,,Producto_13,Accesorios,23.02
2025-04-28,P021,Ingreso,46,58,,,,Producto_21,Plásticos,32.33
2025-04-29,P019,Salida,67,547,O00366,2025-05-04,5.0,Producto_19,Calzado,14.24
2025-04-29,P025,Salida,51,164,O00367,2025-05-02,3.0,Producto_25,Calzado,20.64
2025-04-29,P008,Ingreso,48,525,,,,Producto_8,Industrial,20.3
2025-04-29,P013,Ingreso,80,299,,,,Producto_13,Accesorios,23.02
2025-04-29,P020,Ingreso,12,137,,,,Producto_20,Seguridad,14.64
2025-04-29,P014,Ingreso,101,547,,,,Producto_14,Plásticos,5.53
2025-04-30,P020,Ingreso,80,217,,,,Producto_20,Seguridad,14.64
2025-04-30,P002,Ingreso,111,667,,,,Producto_2,Accesorios,20.99
2025-04-30,P001,Salida,31,15,O00368,2025-05-05,5.0,Producto_1,Seguridad,25.99
2025-04-30,P022,Salida,19,66,,,,Producto_22,Accesorios,29.4
2025-04-30,P009,Salida,0,0,O00369,2025-05-02,2.0,Producto_9,Industrial,44.33
2025-04-30,P016,Ingreso,90,401,,,,Producto_16,Plásticos,27.53
2025-04-30,P021,Salida,58,0,O00370,2025-05-01,1.0,Producto_21,Plásticos,32.33
2025-04-30,P014,Ingreso,32,579,,,,Producto_14,Plásticos,5.53
2025-04-30,P011,Salida,78,144,,,,Producto_11,Seguridad,39.4
2025-05-01,P025,Ingreso,91,255,,,,Producto_25,Calzado,20.64
2025-05-01,P012,Salida,39,0,O00371,2025-05-06,5.0,Producto_12,Industrial,32.21
2025-05-01,P016,Salida,72,329,,,,Producto_16,Plásticos,27.53
2025-05-01,P017,Ingreso,64,656,,,,Producto_17,Seguridad,20.42
2025-05-01,P005,Salida,44,104,O00372,2025-05-03,2.0,Producto_5,Accesorios,14.31
2025-05-01,P020,Salida,54,163,O00373,2025-05-02,1.0,Producto_20,Seguridad,14.64
2025-05-02,P020,Salida,81,82,O00374,2025-05-08,6.0,Producto_20,Seguridad,14.64
2025-05-02,P013,Salida,113,186,O00375,2025-05-03,1.0,Producto_13,Accesorios,23.02
2025-05-02,P021,Ingreso,32,32,,,,Producto_21,Plásticos,32.33
2025-05-02,P016,Ingreso,96,425,,,,Producto_16,Plásticos,27.53
2025-05-02,P024,Salida,32,253,O00376,2025-05-07,5.0,Producto_24,Calzado,11.93
2025-05-03,P011,Ingreso,29,173,,,,Producto_11,Seguridad,39.4
2025-05-03,P017,Ingreso,101,757,,,,Producto_17,Seguridad,20.42
2025-05-03,P014,Salida,50,529,O00377,2025-05-05,2.0,Producto_14,Plásticos,5.53
2025-05-03,P025,Ingreso,15,270,,,,Producto_25,Calzado,20.64
2025-05-03,P019,Salida,47,500,O00378,2025-05-06,3.0,Producto_19,Calzado,14.24
2025-05-03,P022,Salida,49,17,O00379,2025-05-08,5.0,Producto_22,Accesorios,29.4
2025-05-03,P016,Salida,33,392,O00380,2025-05-04,1.0,Producto_16,Plásticos,27.53
2025-05-04,P021,Ingreso,113,145,,,,Producto_21,Plásticos,32.33
2025-05-04,P005,Ingreso,43,147,,,,Producto_5,Accesorios,14.31
2025-05-04,P010,Ingreso,54,145,,,,Producto_10,Accesorios,23.67
2025-05-04,P008,Salida,79,446,O00381,2025-05-07,3.0,Producto_8,Industrial,20.3
2025-05-04,P015,Ingreso,115,290,,,,Producto_15,Seguridad,42.69
2025-05-04,P012,Salida,0,0,O00382,2025-05-08,4.0,Producto_12,Industrial,32.21
2025-05-04,P022,Ingreso,104,121,,,,Producto_22,Accesorios,29.4
2025-05-04,P018,Ingreso,72,885,,,,Producto_18,Accesorios,5.64
2025-05-05,P012,Ingreso,51,51,,,,Producto_12,Industrial,32.21
2025-05-05,P007,Salida,22,166,O00383,2025-05-07,2.0,Producto_7,Industrial,29.74
2025-05-05,P022,Salida,82,39,,,,Producto_22,Accesorios,29.4
2025-05-05,P025,Ingreso,65,335,,,,Producto_25,Calzado,20.64
2025-05-05,P001,Salida,15,0,,,,Producto_1,Seguridad,25.99
2025-05-06,P001,Salida,0,0,O00384,2025-05-10,4.0,Producto_1,Seguridad,25.99
2025-05-06,P004,Ingreso,71,71,,,,Producto_4,Accesorios,43.95
2025-05-06,P025,Salida,97,238,,,,Producto_25,Calzado,20.64
2025-05-06,P015,Salida,117,173,,,,Producto_15,Seguridad,42.69
2025-05-06,P011,Salida,58,115,O00385,2025-05-10,4.0,Producto_11,Seguridad,39.4
2025-05-06,P008,Ingreso,92,538,,,,Producto_8,Industrial,20.3
2025-05-06,P016,Salida,25,367,O00386,2025-05-09,3.0,Producto_16,Plásticos,27.53
2025-05-06,P003,Ingreso,101,296,,,,Producto_3,Industrial,6.87
2025-05-06,P006,Salida,92,236,,,,Producto_6,Plásticos,8.62
2025-05-06,P022,Ingreso,86,125,,,,Producto_22,Accesorios,29.4
2025-05-06,P024,Salida,19,234,,,,Producto_24,Calzado,11.93
2025-05-07,P016,Salida,118,249,,,,Producto_16,Plásticos,27.53
2025-05-07,P001,Salida,0,0,O00387,2025-05-10,3.0,Producto_1,Seguridad,25.99
2025-05-07,P023,Salida,118,140,O00388,2025-05-10,3.0,Producto_23,Seguridad,38.33
2025-05-07,P004,Salida,71,0,,,,Producto_4,Accesorios,43.95
2025-05-07,P009,Ingreso,50,50,,,,Producto_9,Industrial,44.33
2025-05-08,P024,Ingreso,79,313,,,,Producto_24,Calzado,11.93
2025-05-08,P012,Ingreso,59,110,,,,Producto_12,Industrial,32.21
2025-05-08,P023,Salida,17,123,O00389,2025-05-14,6.0,Producto_23,Seguridad,38.33
2025-05-08,P015,Salida,114,59,O00390,2025-05-13,5.0,Producto_15,Seguridad,42.69
2025-05-08,P006,Ingreso,103,339,,,,Producto_6,Plásticos,8.62
2025-05-08,P002,Salida,22,645,,,,Producto_2,Accesorios,20.99
2025-05-08,P007,Ingreso,117,283,,,,Producto_7,Industrial,29.74
2025-05-09,P011,Salida,67,48,O00391,2025-05-13,4.0,Producto_11,Seguridad,39.4
2025-05-09,P021,Salida,107,38,,,,Producto_21,Plásticos,32.33
2025-05-09,P016,Ingreso,98,347,,,,Producto_16,Plásticos,27.53
2025-05-09,P012,Ingreso,29,139,,,,Producto_12,Industrial,32.21
2025-05-09,P017,Ingreso,60,817,,,,Producto_17,Seguridad,20.42
2025-05-09,P013,Ingreso,113,299,,,,Producto_13,Accesorios,23.02
2025-05-09,P003,Salida,51,245,O00392,2025-05-10,1.0,Producto_3,Industrial,6.87
2025-05-09,P020,Salida,82,0,,,,Producto_20,Seguridad,14.64
2025-05-09,P010,Salida,64,81,,,,Producto_10,Accesorios,23.67
2025-05-09,P015,Salida,59,0,,,,Producto_15,Seguridad,42.69
2025-05-10,P015,Ingreso,48,48,,,,Producto_15,Seguridad,42.69
2025-05-10,P003,Salida,90,155,,,,Producto_3,Industrial,6.87
2025-05-10,P020,Salida,0,0,,,,Producto_20,Seguridad,14.64
2025-05-10,P013,Salida,76,223,,,,Producto_13,Accesorios,23.02
2025-05-10,P021,Ingreso,16,54,,,,Producto_21,Plásticos,32.33
2025-05-11,P007,Ingreso,56,339,,,,Producto_7,Industrial,29.74
2025-05-11,P016,Ingreso,95,442,,,,Producto_16,Plásticos,27.53
2025-05-11,P005,Salida,64,83,O00393,2025-05-17,6.0,Producto_5,Accesorios,14.31
2025-05-11,P002,Ingreso,31,676,,,,Producto_2,Accesorios,20.99
2025-05-11,P024,Salida,38,275,,,,Producto_24,Calzado,11.93
2025-05-11,P013,Salida,74,149,,,,Producto_13,Accesorios,23.02
2025-05-11,P023,Ingreso,26,149,,,,Producto_23,Seguridad,38.33
2025-05-11,P015,Ingreso,96,144,,,,Producto_15,Seguridad,42.69
2025-05-11,P006,Ingreso,119,458,,,,Producto_6,Plásticos,8.62
2025-05-11,P021,Salida,54,0,O00394,2025-05-14,3.0,Producto_21,Plásticos,32.33
2025-05-12,P025,Salida,32,206,,,,Producto_25,Calzado,20.64
2025-05-12,P010,Salida,81,0,O00395,2025-05-18,6.0,Producto_10,Accesorios,23.67
2025-05-12,P016,Salida,87,355,O00396,2025-05-15,3.0,Producto_16,Plásticos,27.53
2025-05-12,P009,Salida,50,0,O00397,2025-05-17,5.0,Producto_9,Industrial,44.33
2025-05-12,P007,Salida,31,308,,,,Producto_7,Industrial,29.74
2025-05-13,P002,Salida,106,570,O00398,2025-05-19,6.0,Producto_2,Accesorios,20.99
2025-05-13,P020,Ingreso,87,87,,,,Producto_20,Seguridad,14.64
2025-05-13,P008,Salida,44,494,O00399,2025-05-18,5.0,Producto_8,Industrial,20.3
2025-05-13,P009,Ingreso,50,50,,,,Producto_9,Industrial,44.33
2025-05-13,P003,Salida,80,75,,,,Producto_3,Industrial,6.87
2025-05-13,P005,Salida,83,0,,,,Producto_5,Accesorios,14.31
2025-05-13,P004,Salida,0,0,O00400,2025-05-19,6.0,Producto_4,Accesorios,43.95
2025-05-13,P012,Ingreso,80,219,,,,Producto_12,Industrial,32.21
2025-05-14,P006,Ingreso,72,530,,,,Producto_6,Plásticos,8.62
2025-05-14,P014,Salida,84,445,O00401,2025-05-19,5.0,Producto_14,Plásticos,5.53
2025-05-14,P018,Ingreso,47,932,,,,Producto_18,Accesorios,5.64
2025-05-14,P016,Ingreso,97,452,,,,Producto_16,Plásticos,27.53
2025-05-14,P005,Ingreso,106,106,,,,Producto_5,Accesorios,14.31
2025-05-14,P013,Ingreso,110,259,,,,Producto_13,Accesorios,23.02
2025-05-15,P003,Ingreso,58,133,,,,Producto_3,Industrial,6.87
2025-05-15,P006,Ingreso,13,543,,,,Producto_6,Plásticos,8.62
2025-05-15,P015,Salida,29,115,O00402,2025-05-18,3.0,Producto_15,Seguridad,42.69
2025-05-15,P023,Ingreso,86,235,,,,Producto_23,Seguridad,38.33
2025-05-15,P013,Ingreso,24,283,,,,Producto_13,Accesorios,23.02
2025-05-16,P004,Salida,0,0,,,,Producto_4,Accesorios,43.95
2025-05-16,P025,Salida,55,151,O00403,2025-05-21,5.0,Producto_25,Calzado,20.64
2025-05-16,P022,Salida,10,115,O00404,2025-05-18,2.0,Producto_22,Accesorios,29.4
2025-05-16,P006,Ingreso,25,568,,,,Producto_6,Plásticos,8.62
2025-05-16,P015,Salida,38,77,O00405,2025-05-22,6.0,Producto_15,Seguridad,42.69
2025-05-16,P009,Salida,50,0,O00406,2025-05-22,6.0,Producto_9,Industrial,44.33
2025-05-16,P021,Salida,0,0,O00407,2025-05-17,1.0,Producto_21,Plásticos,32.33
2025-05-16,P007,Salida,54,254,O00408,2025-05-19,3.0,Producto_7,Industrial,29.74
2025-05-17,P006,Salida,57,511,O00409,2025-05-21,4.0,Producto_6,Plásticos,8.62
2025-05-17,P024,Salida,55,220,O00410,2025-05-21,4.0,Producto_24,Calzado,11.93
2025-05-17,P009,Salida,0,0,O00411,2025-05-20,3.0,Producto_9,Industrial,44.33
2025-05-17,P003,Ingreso,119,252,,,,Producto_3,Industrial,6.87
2025-05-17,P020,Ingreso,73,160,,,,Producto_20,Seguridad,14.64
2025-05-17,P007,Ingreso,27,281,,,,Producto_7,Industrial,29.74
2025-05-17,P016,Ingreso,103,555,,,,Producto_16,Plásticos,27.53
2025-05-17,P015,Ingreso,113,190,,,,Producto_15,Seguridad,42.69
2025-05-18,P023,Ingreso,30,265,,,,Producto_23,Seguridad,38.33
2025-05-18,P004,Salida,0,0,,,,Producto_4,Accesorios,43.95
2025-05-18,P012,Salida,44,175,O00412,2025-05-24,6.0,Producto_12,Industrial,32.21
2025-05-18,P002,Salida,47,523,O00413,2025-05-24,6.0,Producto_2,Accesorios,20.99
2025-05-18,P008,Salida,19,475,,,,Producto_8,Industrial,20.3
2025-05-18,P013,Ingreso,71,354,,,,Producto_13,Accesorios,23.02
2025-05-18,P001,Salida,0,0,O00414,2025-05-22,4.0,Producto_1,Seguridad,25.99
2025-05-18,P009,Ingreso,107,107,,,,Producto_9,Industrial,44.33
2025-05-18,P014,Ingreso,95,540,,,,Producto_14,Plásticos,5.53
2025-05-18,P017,Salida,91,726,,,,Producto_17,Seguridad,20.42
2025-05-18,P015,Salida,90,100,,,,Producto_15,Seguridad,42.69
2025-05-19,P003,Salida,96,156,O00415,2025-05-20,1.0,Producto_3,Industrial,6.87
2025-05-19,P001,Salida,0,0,O00416,2025-05-23,4.0,Producto_1,Seguridad,25.99
2025-05-19,P007,Ingreso,83,364,,,,Producto_7,Industrial,29.74
2025-05-19,P021,Salida,0,0,O00417,2025-05-21,2.0,Producto_21,Plásticos,32.33
2025-05-19,P022,Ingreso,60,175,,,,Producto_22,Accesorios,29.4
2025-05-19,P013,Ingreso,81,435,,,,Producto_13,Accesorios,23.02
2025-05-19,P018,Ingreso,79,1011,,,,Producto_18,Accesorios,5.64
2025-05-19,P015,Salida,48,52,O00418,2025-05-22,3.0,Producto_15,Seguridad,42.69
2025-05-19,P020,Salida,101,59,O00419,2025-05-23,4.0,Producto_20,Seguridad,14.64
2025-05-19,P006,Ingreso,36,547,,,,Producto_6,Plásticos,8.62
2025-05-20,P012,Ingreso,81,256,,,,Producto_12,Industrial,32.21
2025-05-20,P018,Ingreso,53,1064,,,,Producto_18,Accesorios,5.64
2025-05-20,P009,Ingreso,96,203,,,,Producto_9,Industrial,44.33
2025-05-20,P006,Salida,20,527,,,,Producto_6,Plásticos,8.62
2025-05-20,P021,Salida,0,0,O00420,2025-05-21,1.0,Producto_21,Plásticos,32.33
2025-05-20,P022,Ingreso,28,203,,,,Producto_22,Accesorios,29.4
2025-05-21,P020,Salida,59,0,,,,Producto_20,Seguridad,14.64
2025-05-21,P014,Salida,110,430,O00421,2025-05-23,2.0,Producto_14,Plásticos,5.53
2025-05-21,P015,Salida,25,27,O00422,2025-05-27,6.0,Producto_15,Seguridad,42.69
2025-05-21,P024,Salida,41,179,O00423,2025-05-26,5.0,Producto_24,Calzado,11.93
2025-05-21,P004,Salida,0,0,,,,Producto_4,Accesorios,43.95
2025-05-21,P007,Ingreso,119,483,,,,Producto_7,Industrial,29.74
2025-05-22,P017,Ingreso,25,751,,,,Producto_17,Seguridad,20.42
2025-05-22,P002,Ingreso,77,600,,,,Producto_2,Accesorios,20.99
2025-05-22,P020,Salida,0,0,O00424,2025-05-23,1.0,Producto_20,Seguridad,14.64
2025-05-22,P021,Ingreso,99,99,,,,Producto_21,Plásticos,32.33
2025-05-22,P019,Salida,106,394,O00425,2025-05-26,4.0,Producto_19,Calzado,14.24
2025-05-22,P013,Ingreso,63,498,,,,Producto_13,Accesorios,23.02
2025-05-23,P016,Ingreso,24,579,,,,Producto_16,Plásticos,27.53
2025-05-23,P020,Salida,0,0,O00426,2025-05-29,6.0,Producto_20,Seguridad,14.64
2025-05-23,P025,Ingreso,21,172,,,,Producto_25,Calzado,20.64
2025-05-23,P012,Salida,104,152,O00427,2025-05-27,4.0,Producto_12,Industrial,32.21
2025-05-23,P009,Salida,85,118,O00428,2025-05-28,5.0,Producto_9,Industrial,44.33
2025-05-23,P008,Ingreso,70,545,,,,Producto_8,Industrial,20.3
2025-05-23,P018,Salida,52,1012,,,,Producto_18,Accesorios,5.64
2025-05-23,P001,Ingreso,107,107,,,,Producto_1,Seguridad,25.99
2025-05-24,P023,Ingreso,58,323,,,,Producto_23,Seguridad,38.33
2025-05-24,P020,Ingreso,32,32,,,,Producto_20,Seguridad,14.64
2025-05-24,P021,Ingreso,58,157,,,,Producto_21,Plásticos,32.33
2025-05-24,P025,Ingreso,77,249,,,,Producto_25,Calzado,20.64
2025-05-24,P006,Salida,11,516,,,,Producto_6,Plásticos,8.62
2025-05-25,P005,Ingreso,64,170,,,,Producto_5,Accesorios,14.31
2025-05-25,P014,Ingreso,77,507,,,,Producto_14,Plásticos,5.53
2025-05-25,P010,Salida,0,0,O00429,2025-05-31,6.0,Producto_10,Accesorios,23.67
2025-05-25,P007,Salida,88,395,,,,Producto_7,Industrial,29.74
2025-05-25,P023,Ingreso,30,353,,,,Producto_23,Seguridad,38.33
2025-05-25,P021,Ingreso,46,203,,,,Producto_21,Plásticos,32.33
2025-05-25,P018,Salida,39,973,O00430,2025-05-31,6.0,Producto_18,Accesorios,5.64
2025-05-25,P001,Ingreso,109,216,,,,Producto_1,Seguridad,25.99
2025-05-25,P006,Salida,28,488,O00431,2025-05-26,1.0,Producto_6,Plásticos,8.62
2025-05-25,P003,Ingreso,77,233,,,,Producto_3,Industrial,6.87
2025-05-25,P012,Ingreso,75,227,,,,Producto_12,Industrial,32.21
2025-05-26,P002,Salida,66,534,O00432,2025-05-30,4.0,Producto_2,Accesorios,20.99
2025-05-26,P021,Salida,47,156,O00433,2025-05-29,3.0,Producto_21,Plásticos,32.33
2025-05-26,P004,Salida,0,0,O00434,2025-05-27,1.0,Producto_4,Accesorios,43.95
2025-05-26,P022,Salida,52,151,O00435,2025-05-28,2.0,Producto_22,Accesorios,29.4
2025-05-26,P015,Ingreso,104,131,,,,Producto_15,Seguridad,42.69
2025-05-26,P014,Salida,10,497,,,,Producto_14,Plásticos,5.53
2025-05-26,P016,Salida,101,478,,,,Producto_16,Plásticos,27.53
2025-05-26,P020,Salida,32,0,O00436,2025-06-01,6.0,Producto_20,Seguridad,14.64
2025-05-26,P017,Ingreso,37,788,,,,Producto_17,Seguridad,20.42
2025-05-27,P004,Ingreso,64,64,,,,Producto_4,Accesorios,43.95
2025-05-27,P002,Salida,79,455,O00437,2025-06-01,5.0,Producto_2,Accesorios,20.99
2025-05-27,P023,Ingreso,82,435,,,,Producto_23,Seguridad,38.33
2025-05-27,P022,Ingreso,75,226,,,,Producto_22,Accesorios,29.4
2025-05-27,P011,Salida,16,32,O00438,2025-05-29,2.0,Producto_11,Seguridad,39.4
2025-05-27,P025,Salida,29,220,,,,Producto_25,Calzado,20.64
2025-05-27,P014,Ingreso,11,508,,,,Producto_14,Plásticos,5.53
2025-05-27,P007,Ingreso,109,504,,,,Producto_7,Industrial,29.74
2025-05-27,P012,Salida,78,149,,,,Producto_12,Industrial,32.21
2025-05-28,P010,Salida,0,0,,,,Producto_10,Accesorios,23.67
2025-05-28,P011,Salida,32,0,O00439,2025-06-01,4.0,Producto_11,Seguridad,39.4
2025-05-28,P001,Ingreso,37,253,,,,Producto_1,Seguridad,25.99
2025-05-28,P025,Salida,44,176,O00440,2025-05-31,3.0,Producto_25,Calzado,20.64
2025-05-28,P002,Ingreso,29,484,,,,Producto_2,Accesorios,20.99
2025-05-28,P015,Ingreso,58,189,,,,Producto_15,Seguridad,42.69
2025-05-28,P023,Salida,19,416,O00441,2025-05-31,3.0,Producto_23,Seguridad,38.33
2025-05-28,P003,Ingreso,112,345,,,,Producto_3,Industrial,6.87
2025-05-28,P019,Salida,27,367,,,,Producto_19,Calzado,14.24
2025-05-29,P023,Salida,48,368,,,,Producto_23,Seguridad,38.33
2025-05-29,P014,Ingreso,85,593,,,,Producto_14,Plásticos,5.53
2025-05-29,P005,Ingreso,87,257,,,,Producto_5,Accesorios,14.31
2025-05-29,P001,Salida,32,221,O00442,2025-06-03,5.0,Producto_1,Seguridad,25.99
2025-05-29,P016,Ingreso,77,555,,,,Producto_16,Plásticos,27.53
2025-05-29,P010,Salida,0,0,O00443,2025-05-30,1.0,Producto_10,Accesorios,23.67
2025-05-29,P003,Ingreso,115,460,,,,Producto_3,Industrial,6.87
2025-05-30,P019,Ingreso,111,478,,,,Producto_19,Calzado,14.24
2025-05-30,P016,Salida,60,495,O00444,2025-06-03,4.0,Producto_16,Plásticos,27.53
2025-05-30,P022,Salida,79,147,,,,Producto_22,Accesorios,29.4
2025-05-30,P005,Salida,76,181,,,,Producto_5,Accesorios,14.31
2025-05-30,P008,Salida,60,485,O00445,2025-06-03,4.0,Producto_8,Industrial,20.3
2025-05-30,P011,Salida,0,0,O00446,2025-06-01,2.0,Producto_11,Seguridad,39.4
2025-05-30,P003,Ingreso,112,572,,,,Producto_3,Industrial,6.87
2025-05-30,P013,Salida,61,437,O00447,2025-06-04,5.0,Producto_13,Accesorios,23.02
2025-05-30,P009,Salida,18,100,O00448,2025-06-02,3.0,Producto_9,Industrial,44.33
2025-05-31,P019,Ingreso,61,539,,,,Producto_19,Calzado,14.24
2025-05-31,P002,Ingreso,101,585,,,,Producto_2,Accesorios,20.99
2025-05-31,P007,Salida,99,405,O00449,2025-06-03,3.0,Producto_7,Industrial,29.74
2025-05-31,P013,Salida,108,329,,,,Producto_13,Accesorios,23.02
2025-05-31,P015,Salida,78,111,O00450,2025-06-05,5.0,Producto_15,Seguridad,42.69
2025-05-31,P011,Ingreso,62,62,,,,Producto_11,Seguridad,39.4
2025-05-31,P010,Salida,0,0,,,,Producto_10,Accesorios,23.67
2025-05-31,P001,Ingreso,49,270,,,,Producto_1,Seguridad,25.99
2025-05-31,P017,Ingreso,54,842,,,,Producto_17,Seguridad,20.42
2025-06-01,P017,Ingreso,26,868,,,,Producto_17,Seguridad,20.42
2025-06-01,P016,Salida,79,416,,,,Producto_16,Plásticos,27.53
2025-06-01,P019,Ingreso,79,618,,,,Producto_19,Calzado,14.24
2025-06-01,P023,Ingreso,95,463,,,,Producto_23,Seguridad,38.33
2025-06-01,P014,Salida,88,505,O00451,2025-06-06,5.0,Producto_14,Plásticos,5.53
2025-06-01,P001,Salida,58,212,O00452,2025-06-07,6.0,Producto_1,Seguridad,25.99
2025-06-01,P004,Salida,14,50,O00453,2025-06-07,6.0,Producto_4,Accesorios,43.95
2025-06-02,P011,Ingreso,118,180,,,,Producto_11,Seguridad,39.4
2025-06-02,P013,Ingreso,16,345,,,,Producto_13,Accesorios,23.02
2025-06-02,P017,Ingreso,62,930,,,,Producto_17,Seguridad,20.42
2025-06-02,P008,Ingreso,78,563,,,,Producto_8,Industrial,20.3
2025-06-02,P014,Salida,107,398,,,,Producto_14,Plásticos,5.53
2025-06-02,P020,Salida,0,0,O00454,2025-06-03,1.0,Producto_20,Seguridad,14.64
2025-06-02,P004,Salida,50,0,O00455,2025-06-05,3.0,Producto_4,Accesorios,43.95
2025-06-02,P007,Ingreso,12,417,,,,Producto_7,Industrial,29.74
2025-06-02,P024,Salida,38,141,,,,Producto_24,Calzado,11.93
2025-06-02,P009,Ingreso,67,167,,,,Producto_9,Industrial,44.33
2025-06-03,P010,Salida,0,0,O00456,2025-06-05,2.0,Producto_10,Accesorios,23.67
2025-06-03,P016,Ingreso,11,427,,,,Producto_16,Plásticos,27.53
2025-06-03,P017,Salida,111,819,,,,Producto_17,Seguridad,20.42
2025-06-03,P005,Salida,85,96,O00457,2025-06-08,5.0,Producto_5,Accesorios,14.31
2025-06-03,P008,Ingreso,79,642,,,,Producto_8,Industrial,20.3
2025-06-03,P019,Salida,12,606,O00458,2025-06-09,6.0,Producto_19,Calzado,14.24
2025-06-03,P022,Salida,94,53,O00459,2025-06-09,6.0,Producto_22,Accesorios,29.4
2025-06-04,P025,Ingreso,98,274,,,,Producto_25,Calzado,20.64
2025-06-04,P020,Salida,0,0,O00460,2025-06-10,6.0,Producto_20,Seguridad,14.64
2025-06-04,P019,Ingreso,72,678,,,,Producto_19,Calzado,14.24
2025-06-04,P010,Ingreso,29,29,,,,Producto_10,Accesorios,23.67
2025-06-04,P009,Salida,55,112,O00461,2025-06-05,1.0,Producto_9,Industrial,44.33
2025-06-04,P014,Salida,18,380,O00462,2025-06-06,2.0,Producto_14,Plásticos,5.53
2025-06-04,P017,Salida,89,730,,,,Producto_17,Seguridad,20.42
2025-06-04,P006,Ingreso,46,534,,,,Producto_6,Plásticos,8.62
2025-06-04,P002,Ingreso,32,617,,,,Producto_2,Accesorios,20.99
2025-06-04,P018,Ingreso,102,1075,,,,Producto_18,Accesorios,5.64
2025-06-04,P011,Ingreso,37,217,,,,Producto_11,Seguridad,39.4
2025-06-05,P025,Salida,96,178,O00463,2025-06-09,4.0,Producto_25,Calzado,20.64
2025-06-05,P020,Ingreso,76,76,,,,Producto_20,Seguridad,14.64
2025-06-05,P018,Salida,67,1008,O00464,2025-06-07,2.0,Producto_18,Accesorios,5.64
2025-06-05,P023,Ingreso,91,554,,,,Producto_23,Seguridad,38.33
2025-06-05,P012,Salida,85,64,O00465,2025-06-09,4.0,Producto_12,Industrial,32.21
2025-06-05,P006,Salida,93,441,O00466,2025-06-06,1.0,Producto_6,Plásticos,8.62
2025-06-05,P002,Ingreso,118,735,,,,Producto_2,Accesorios,20.99
2025-06-05,P003,Salida,12,560,,,,Producto_3,Industrial,6.87
2025-06-05,P022,Ingreso,95,148,,,,Producto_22,Accesorios,29.4
2025-06-05,P004,Salida,0,0,,,,Producto_4,Accesorios,43.95
2025-06-06,P006,Ingreso,112,553,,,,Producto_6,Plásticos,8.62
2025-06-06,P020,Salida,59,17,O00467,2025-06-09,3.0,Producto_20,Seguridad,14.64
2025-06-06,P013,Salida,85,260,O00468,2025-06-08,2.0,Producto_13,Accesorios,23.02
2025-06-06,P012,Ingreso,57,121,,,,Producto_12,Industrial,32.21
2025-06-06,P007,Salida,114,303,O00469,2025-06-10,4.0,Producto_7,Industrial,29.74
2025-06-07,P012,Ingreso,50,171,,,,Producto_12,Industrial,32.21
2025-06-07,P002,Ingreso,75,810,,,,Producto_2,Accesorios,20.99
2025-06-07,P014,Salida,53,327,O00470,2025-06-12,5.0,Producto_14,Plásticos,5.53
2025-06-07,P007,Ingreso,94,397,,,,Producto_7,Industrial,29.74
2025-06-07,P011,Ingreso,69,286,,,,Producto_11,Seguridad,39.4
2025-06-07,P009,Salida,82,30,O00471,2025-06-08,1.0,Producto_9,Industrial,44.33
2025-06-07,P017,Ingreso,57,787,,,,Producto_17,Seguridad,20.42
2025-06-07,P022,Salida,68,80,O00472,2025-06-09,2.0,Producto_22,Accesorios,29.4
2025-06-08,P006,Ingreso,58,611,,,,Producto_6,Plásticos,8.62
2025-06-08,P010,Ingreso,109,138,,,,Producto_10,Accesorios,23.67
2025-06-08,P017,Salida,71,716,,,,Producto_17,Seguridad,20.42
2025-06-08,P023,Salida,87,467,O00473,2025-06-14,6.0,Producto_23,Seguridad,38.33
2025-06-08,P011,Salida,38,248,O00474,2025-06-12,4.0,Producto_11,Seguridad,39.4
2025-06-08,P025,Salida,66,112,O00475,2025-06-11,3.0,Producto_25,Calzado,20.64
2025-06-08,P008,Salida,71,571,O00476,2025-06-14,6.0,Producto_8,Industrial,20.3
2025-06-08,P022,Ingreso,91,171,,,,Producto_22,Accesorios,29.4
2025-06-08,P001,Salida,29,183,,,,Producto_1,Seguridad,25.99
2025-06-08,P018,Salida,111,897,O00477,2025-06-14,6.0,Producto_18,Accesorios,5.64
2025-06-08,P003,Salida,61,499,,,,Producto_3,Industrial,6.87
2025-06-09,P011,Salida,34,214,,,,Producto_11,Seguridad,39.4
2025-06-09,P007,Salida,44,353,,,,Producto_7,Industrial,29.74
2025-06-09,P004,Ingreso,70,70,,,,Producto_4,Accesorios,43.95
2025-06-09,P008,Ingreso,53,624,,,,Producto_8,Industrial,20.3
2025-06-09,P020,Ingreso,117,134,,,,Producto_20,Seguridad,14.64
2025-06-09,P017,Salida,105,611,O00478,2025-06-15,6.0,Producto_17,Seguridad,20.42
2025-06-09,P006,Salida,115,496,,,,Producto_6,Plásticos,8.62
2025-06-09,P021,Salida,52,104,O00479,2025-06-11,2.0,Producto_21,Plásticos,32.33
2025-06-10,P014,Salida,68,259,O00480,2025-06-13,3.0,Producto_14,Plásticos,5.53
2025-06-10,P020,Salida,39,95,O00481,2025-06-11,1.0,Producto_20,Seguridad,14.64
2025-06-10,P016,Salida,29,398,,,,Producto_16,Plásticos,27.53
2025-06-10,P019,Salida,84,594,,,,Producto_19,Calzado,14.24
2025-06-10,P021,Ingreso,96,200,,,,Producto_21,Plásticos,32.33
2025-06-10,P005,Salida,96,0,O00482,2025-06-16,6.0,Producto_5,Accesorios,14.31
2025-06-10,P008,Salida,59,565,O00483,2025-06-14,4.0,Producto_8,Industrial,20.3
2025-06-10,P009,Salida,30,0,,,,Producto_9,Industrial,44.33
2025-06-10,P015,Ingreso,25,136,,,,Producto_15,Seguridad,42.69
2025-06-11,P004,Ingreso,47,117,,,,Producto_4,Accesorios,43.95
2025-06-11,P019,Ingreso,15,609,,,,Producto_19,Calzado,14.24
2025-06-11,P016,Salida,47,351,O00484,2025-06-13,2.0,Producto_16,Plásticos,27.53
2025-06-11,P003,Salida,81,418,O00485,2025-06-12,1.0,Producto_3,Industrial,6.87
2025-06-11,P023,Salida,38,429,O00486,2025-06-17,6.0,Producto_23,Seguridad,38.33
2025-06-11,P009,Ingreso,15,15,,,,Producto_9,Industrial,44.33
2025-06-11,P006,Salida,21,475,O00487,2025-06-17,6.0,Producto_6,Plásticos,8.62
2025-06-11,P018,Salida,57,840,O00488,2025-06-13,2.0,Producto_18,Accesorios,5.64
2025-06-11,P021,Salida,94,106,O00489,2025-06-16,5.0,Producto_21,Plásticos,32.33
2025-06-11,P002,Ingreso,18,828,,,,Producto_2,Accesorios,20.99
2025-06-11,P014,Ingreso,11,270,,,,Producto_14,Plásticos,5.53
2025-06-12,P008,Salida,100,465,O00490,2025-06-17,5.0,Producto_8,Industrial,20.3
2025-06-12,P011,Salida,86,128,O00491,2025-06-17,5.0,Producto_11,Seguridad,39.4
2025-06-12,P012,Ingreso,57,228,,,,Producto_12,Industrial,32.21
2025-06-12,P015,Ingreso,31,167,,,,Producto_15,Seguridad,42.69
2025-06-12,P017,Salida,67,544,O00492,2025-06-15,3.0,Producto_17,Seguridad,20.42
2025-06-13,P007,Ingreso,96,449,,,,Producto_7,Industrial,29.74
2025-06-13,P021,Ingreso,74,180,,,,Producto_21,Plásticos,32.33
2025-06-13,P004,Ingreso,115,232,,,,Producto_4,Accesorios,43.95
2025-06-13,P019,Ingreso,53,662,,,,Producto_19,Calzado,14.24
2025-06-13,P022,Salida,54,117,O00493,2025-06-16,3.0,Producto_22,Accesorios,29.4
2025-06-13,P005,Ingreso,12,12,,,,Producto_5,Accesorios,14.31
2025-06-13,P001,Salida,85,98,O00494,2025-06-19,6.0,Producto_1,Seguridad,25.99
2025-06-13,P013,Salida,39,221,O00495,2025-06-18,5.0,Producto_13,Accesorios,23.02
2025-06-13,P023,Salida,108,321,O00496,2025-06-15,2.0,Producto_23,Seguridad,38.33
2025-06-13,P012,Salida,42,186,O00497,2025-06-19,6.0,Producto_12,Industrial,32.21
2025-06-14,P021,Ingreso,76,256,,,,Producto_21,Plásticos,32.33
2025-06-14,P025,Salida,60,52,,,,Producto_25,Calzado,20.64
2025-06-14,P024,Ingreso,57,198,,,,Producto_24,Calzado,11.93
2025-06-14,P020,Ingreso,44,139,,,,Producto_20,Seguridad,14.64
2025-06-14,P017,Salida,14,530,O00498,2025-06-19,5.0,Producto_17,Seguridad,20.42
2025-06-14,P001,Ingreso,63,161,,,,Producto_1,Seguridad,25.99
2025-06-14,P018,Salida,62,778,,,,Producto_18,Accesorios,5.64
2025-06-14,P014,Ingreso,113,383,,,,Producto_14,Plásticos,5.53
2025-06-14,P006,Salida,81,394,O00499,2025-06-18,4.0,Producto_6,Plásticos,8.62
2025-06-15,P006,Ingreso,72,466,,,,Producto_6,Plásticos,8.62
2025-06-15,P001,Ingreso,89,250,,,,Producto_1,Seguridad,25.99
2025-06-15,P023,Salida,33,288,,,,Producto_23,Seguridad,38.33
2025-06-15,P003,Ingreso,13,431,,,,Producto_3,Industrial,6.87
2025-06-15,P004,Salida,69,163,O00500,2025-06-18,3.0,Producto_4,Accesorios,43.95
2025-06-15,P005,Ingreso,91,103,,,,Producto_5,Accesorios,14.31
2025-06-15,P019,Salida,23,639,O00501,2025-06-16,1.0,Producto_19,Calzado,14.24
2025-06-15,P011,Salida,26,102,O00502,2025-06-18,3.0,Producto_11,Seguridad,39.4
2025-06-16,P016,Salida,97,254,,,,Producto_16,Plásticos,27.53
2025-06-16,P004,Ingreso,99,262,,,,Producto_4,Accesorios,43.95
2025-06-16,P010,Ingreso,103,241,,,,Producto_10,Accesorios,23.67
2025-06-16,P023,Ingreso,89,377,,,,Producto_23,Seguridad,38.33
2025-06-16,P005,Salida,103,0,O00503,2025-06-22,6.0,Producto_5,Accesorios,14.31
2025-06-17,P015,Salida,110,57,O00504,2025-06-19,2.0,Producto_15,Seguridad,42.69
2025-06-17,P001,Salida,118,132,,,,Producto_1,Seguridad,25.99
2025-06-17,P007,Ingreso,63,512,,,,Producto_7,Industrial,29.74
2025-06-17,P014,Ingreso,40,423,,,,Producto_14,Plásticos,5.53
2025-06-17,P013,Ingreso,104,325,,,,Producto_13,Accesorios,23.02
2025-06-17,P025,Ingreso,105,157,,,,Producto_25,Calzado,20.64
2025-06-17,P019,Ingreso,113,752,,,,Producto_19,Calzado,14.24
2025-06-17,P010,Ingreso,67,308,,,,Producto_10,Accesorios,23.67
2025-06-18,P002,Salida,46,782,,,,Producto_2,Accesorios,20.99
2025-06-18,P019,Salida,35,717,O00505,2025-06-22,4.0,Producto_19,Calzado,14.24
2025-06-18,P011,Ingreso,13,115,,,,Producto_11,Seguridad,39.4
2025-06-18,P013,Salida,47,278,O00506,2025-06-20,2.0,Producto_13,Accesorios,23.02
2025-06-18,P025,Salida,37,120,O00507,2025-06-21,3.0,Producto_25,Calzado,20.64
2025-06-18,P016,Salida,20,234,,,,Producto_16,Plásticos,27.53
2025-06-18,P007,Ingreso,59,571,,,,Producto_7,Industrial,29.74
2025-06-18,P017,Ingreso,83,613,,,,Producto_17,Seguridad,20.42
2025-06-18,P001,Salida,108,24,O00508,2025-06-22,4.0,Producto_1,Seguridad,25.99
2025-06-19,P018,Ingreso,67,845,,,,Producto_18,Accesorios,5.64
2025-06-19,P019,Ingreso,81,798,,,,Producto_19,Calzado,14.24
2025-06-19,P016,Salida,90,144,,,,Producto_16,Plásticos,27.53
2025-06-19,P009,Salida,15,0,O00509,2025-06-23,4.0,Producto_9,Industrial,44.33
2025-06-19,P001,Ingreso,118,142,,,,Producto_1,Seguridad,25.99
2025-06-19,P017,Ingreso,24,637,,,,Producto_17,Seguridad,20.42
2025-06-19,P008,Salida,90,375,O00510,2025-06-25,6.0,Producto_8,Industrial,20.3
2025-06-19,P013,Salida,53,225,O00511,2025-06-25,6.0,Producto_13,Accesorios,23.02
2025-06-20,P016,Ingreso,102,246,,,,Producto_16,Plásticos,27.53
2025-06-20,P013,Salida,91,134,O00512,2025-06-24,4.0,Producto_13,Accesorios,23.02
2025-06-20,P012,Ingreso,115,301,,,,Producto_12,Industrial,32.21
2025-06-20,P010,Salida,62,246,O00513,2025-06-23,3.0,Producto_10,Accesorios,23.67
2025-06-20,P021,Salida,106,150,,,,Producto_21,Plásticos,32.33
2025-06-20,P007,Ingreso,112,683,,,,Producto_7,Industrial,29.74
2025-06-20,P004,Salida,35,227,O00514,2025-06-22,2.0,Producto_4,Accesorios,43.95
2025-06-20,P003,Ingreso,49,480,,,,Producto_3,Industrial,6.87
2025-06-20,P009,Ingreso,71,71,,,,Producto_9,Industrial,44.33
2025-06-20,P025,Ingreso,87,207,,,,Producto_25,Calzado,20.64
2025-06-21,P002,Salida,119,663,O00515,2025-06-24,3.0,Producto_2,Accesorios,20.99
2025-06-21,P001,Salida,57,85,O00516,2025-06-22,1.0,Producto_1,Seguridad,25.99
2025-06-21,P021,Ingreso,115,265,,,,Producto_21,Plásticos,32.33
2025-06-21,P015,Ingreso,87,144,,,,Producto_15,Seguridad,42.69
2025-06-21,P017,Ingreso,28,665,,,,Producto_17,Seguridad,20.42
2025-06-21,P009,Salida,71,0,O00517,2025-06-23,2.0,Producto_9,Industrial,44.33
2025-06-21,P011,Ingreso,28,143,,,,Producto_11,Seguridad,39.4
2025-06-21,P008,Salida,94,281,O00518,2025-06-27,6.0,Producto_8,Industrial,20.3
2025-06-21,P014,Ingreso,19,442,,,,Producto_14,Plásticos,5.53
2025-06-22,P015,Salida,110,34,O00519,2025-06-23,1.0,Producto_15,Seguridad,42.69
2025-06-22,P024,Salida,117,81,O00520,2025-06-27,5.0,Producto_24,Calzado,11.93
2025-06-22,P004,Salida,36,191,O00521,2025-06-26,4.0,Producto_4,Accesorios,43.95
2025-06-22,P017,Ingreso,49,714,,,,Producto_17,Seguridad,20.42
2025-06-22,P001,Ingreso,26,111,,,,Producto_1,Seguridad,25.99
2025-06-22,P023,Ingreso,66,443,,,,Producto_23,Seguridad,38.33
2025-06-22,P010,Ingreso,18,264,,,,Producto_10,Accesorios,23.67
2025-06-23,P012,Salida,26,275,,,,Producto_12,Industrial,32.21
2025-06-23,P004,Salida,89,102,O00522,2025-06-24,1.0,Producto_4,Accesorios,43.95
2025-06-23,P022,Salida,102,15,O00523,2025-06-25,2.0,Producto_22,Accesorios,29.4
2025-06-23,P009,Salida,0,0,O00524,2025-06-26,3.0,Producto_9,Industrial,44.33
2025-06-23,P005,Salida,0,0,O00525,2025-06-29,6.0,Producto_5,Accesorios,14.31
2025-06-23,P010,Ingreso,82,346,,,,Producto_10,Accesorios,23.67
2025-06-23,P013,Salida,76,58,O00526,2025-06-25,2.0,Producto_13,Accesorios,23.02
2025-06-23,P001,Ingreso,58,169,,,,Producto_1,Seguridad,25.99
2025-06-23,P019,Salida,71,727,O00527,2025-06-28,5.0,Producto_19,Calzado,14.24
2025-06-23,P023,Ingreso,112,555,,,,Producto_23,Seguridad,38.33
2025-06-23,P016,Ingreso,10,256,,,,Producto_16,Plásticos,27.53
2025-06-24,P014,Salida,107,335,,,,Producto_14,Plásticos,5.53
2025-06-24,P015,Salida,34,0,,,,Producto_15,Seguridad,42.69
2025-06-24,P024,Salida,11,70,O00528,2025-06-29,5.0,Producto_24,Calzado,11.93
2025-06-24,P005,Ingreso,69,69,,,,Producto_5,Accesorios,14.31
2025-06-24,P002,Ingreso,104,767,,,,Producto_2,Accesorios,20.99
2025-06-24,P023,Salida,42,513,,,,Producto_23,Seguridad,38.33
2025-06-24,P009,Salida,0,0,O00529,2025-06-30,6.0,Producto_9,Industrial,44.33
2025-06-24,P018,Ingreso,86,931,,,,Producto_18,Accesorios,5.64
2025-06-24,P017,Salida,118,596,,,,Producto_17,Seguridad,20.42
2025-06-24,P010,Salida,116,230,O00530,2025-06-29,5.0,Producto_10,Accesorios,23.67
2025-06-25,P022,Salida,15,0,O00531,2025-06-27,2.0,Producto_22,Accesorios,29.4
2025-06-25,P025,Ingreso,73,280,,,,Producto_25,Calzado,20.64
2025-06-25,P009,Salida,0,0,O00532,2025-06-26,1.0,Producto_9,Industrial,44.33
2025-06-25,P017,Salida,17,579,O00533,2025-06-30,5.0,Producto_17,Seguridad,20.42
2025-06-25,P014,Ingreso,109,444,,,,Producto_14,Plásticos,5.53
2025-06-25,P012,Ingreso,53,328,,,,Producto_12,Industrial,32.21
2025-06-25,P010,Ingreso,26,256,,,,Producto_10,Accesorios,23.67
2025-06-25,P018,Ingreso,48,979,,,,Producto_18,Accesorios,5.64
2025-06-26,P022,Ingreso,85,85,,,,Producto_22,Accesorios,29.4
2025-06-26,P019,Ingreso,79,806,,,,Producto_19,Calzado,14.24
2025-06-26,P017,Salida,14,565,O00534,2025-06-28,2.0,Producto_17,Seguridad,20.42
2025-06-26,P023,Ingreso,89,602,,,,Producto_23,Seguridad,38.33
2025-06-26,P004,Salida,31,71,O00535,2025-06-29,3.0,Producto_4,Accesorios,43.95
2025-06-26,P010,Salida,87,169,O00536,2025-06-28,2.0,Producto_10,Accesorios,23.67
2025-06-27,P013,Salida,58,0,,,,Producto_13,Accesorios,23.02
2025-06-27,P021,Ingreso,117,382,,,,Producto_21,Plásticos,32.33
2025-06-27,P005,Ingreso,71,140,,,,Producto_5,Accesorios,14.31
2025-06-27,P024,Salida,70,0,,,,Producto_24,Calzado,11.93
2025-06-27,P020,Ingreso,20,159,,,,Producto_20,Seguridad,14.64
2025-06-27,P004,Salida,71,0,,,,Producto_4,Accesorios,43.95
2025-06-28,P016,Salida,64,192,O00537,2025-06-30,2.0,Producto_16,Plásticos,27.53
2025-06-28,P018,Salida,103,876,O00538,2025-06-30,2.0,Producto_18,Accesorios,5.64
2025-06-28,P023,Salida,82,520,O00539,2025-07-02,4.0,Producto_23,Seguridad,38.33
2025-06-28,P020,Salida,66,93,O00540,2025-07-01,3.0,Producto_20,Seguridad,14.64
2025-06-28,P009,Salida,0,0,O00541,2025-06-29,1.0,Producto_9,Industrial,44.33
2025-06-28,P014,Salida,80,364,O00542,2025-07-03,5.0,Producto_14,Plásticos,5.53
2025-06-29,P009,Ingreso,79,79,,,,Producto_9,Industrial,44.33
2025-06-29,P018,Ingreso,80,956,,,,Producto_18,Accesorios,5.64
2025-06-29,P017,Salida,92,473,O00543,2025-07-04,5.0,Producto_17,Seguridad,20.42
2025-06-29,P022,Ingreso,75,160,,,,Producto_22,Accesorios,29.4
2025-06-29,P008,Salida,67,214,,,,Producto_8,Industrial,20.3
2025-06-29,P010,Salida,70,99,O00544,2025-06-30,1.0,Producto_10,Accesorios,23.67
2025-06-29,P006,Ingreso,74,540,,,,Producto_6,Plásticos,8.62
2025-06-29,P014,Salida,27,337,,,,Producto_14,Plásticos,5.53
2025-06-29,P003,Salida,74,406,O00545,2025-07-03,4.0,Producto_3,Industrial,6.87
2025-06-29,P012,Ingreso,76,404,,,,Producto_12,Industrial,32.21
